sha256,file_name,num_sections,size_of_image,size_of_code,entry_point,num_imports,num_dlls,avg_entropy,max_entropy,min_entropy,label
e73f63dd1d250708691539a00fb39d8d8d0d21b5c0d5bb9ccbd65f42ef8b1284,AgentService.exe,6,1236992,835584,779312,261,11,5.002943477955954,6.3338275725298505,2.984349116037717,0
ba1e0a8f8f477ee434c1b44cb682fbd2250cacb7f4cd2eb6a0f64efd0f24cb6c,appidpolicyconverter.exe,7,180224,97280,89696,141,30,4.149537229418054,6.16977221412713,0.6145265492168895,0
6a5e560adcb4ecbf3dc948516a96cff2d9f040ec114e9ccc26d6c3bbdb04655b,ApplySettingsTemplateCatalog.exe,6,1179648,808448,756384,237,8,4.950144798009386,6.329722600445942,2.67746056527916,0
076f2d6cf180c6056ff4b7018a5725327eea3cb4a309dc34d3fd39d124a32001,ApplyTrustOffline.exe,7,1216512,525312,19888,348,55,3.9585853678311813,6.631823562132711,1.102010167885588,0
99a11a729a9eddc0ced9ace690c1fc2b7e1c297ce2518d066fcb4c74da23b2cf,ApproveChildRequest.exe,6,253952,88576,82544,157,23,5.389039865421957,7.411662711839506,4.3608256200500115,0
1a179568af9c46148fb18bdae5618ba8a881016e39c836a138f0778a6d1ca43f,AppVClient.exe,6,786432,433152,412640,313,17,5.360465028634654,6.323873974527568,4.794581167425423,0
cd74c533e39ba3b85c3e127a9fa1dae2474cb925af18b3809fc353b0ee6b5bba,AppVDllSurrogate.exe,6,184320,41984,38112,112,7,4.523360421560253,6.13985860211749,2.5447970446912587,0
45b48e6e44aaade60eb6a220d1d2ff519b43be46879f8653ff04e805bf35f445,AppVNice.exe,6,172032,36352,32720,109,8,4.476935832862563,6.074452259668985,2.55131741942835,0
5db051c51c416397ef742cca80bb18829754bf50be76c2955fb0e41ff46e1057,AppVShNotify.exe,6,233472,70144,64496,188,11,4.633298332029134,6.102018439364492,2.6461767493724353,0
6bbbe4b127d83ebe8e193d045117eb120662d4981a6356589efd4d33d6785cb9,AppVStreamingUX.exe,2,294912,212992,0,0,0,6.910954117178172,7.134866111092988,6.687042123263357,0
1eb4a29a8820a1e246cbf1ae04fb67e5bd393b0ac75032d0051c395fb1c6bdcf,audiodg.exe,11,651264,445952,118720,243,41,3.534019634242,6.1982330013147475,0.0,0
a440fba9cdeddeafa19c9ba26471c7f70580d79c62d75ffa711952f42bbbae30,AuthHost.exe,8,151552,81920,77664,108,30,3.7866956125141713,6.142619330471002,0.0,0
753dd97838ae1d5362479f8b7a41984e50e916956699723c5341c12f1f3bd4a5,autochk.exe,6,995328,623104,22848,164,1,4.99253235539811,6.386445176058843,3.4959365989391995,0
d8ca1c4902ed25e8d8cd969efa8d59050f366cdfd39f75565df0f96b60c89d3f,autoconv.exe,6,962560,601088,11504,138,1,4.983445537180432,6.3943612751241306,3.491963280584748,0
c216dd7029b852b272c08ce791d3ac92c86f1634c657c637d5419344770bf411,autofmt.exe,6,937984,576512,10240,133,1,4.9793569582281245,6.389374635485879,3.4917582702449708,0
ef50dac6e9457330fcaa735baa0d957fa92dc08e65b2b3b673e4c94d7cf1a051,bcdboot.exe,6,262144,140288,142048,222,7,4.297941273926187,6.196858696319879,1.5282360482385666,0
75f0666d4498208ae78af7a7bf5e39e3bb571aa2ee7a24beaba0420cec13dc0b,bcdedit.exe,7,499712,205824,196656,223,23,4.565775355685935,6.359882240227897,1.36676318450895,0
f6c179f840b1b8dba722dde85598c9234b94394683a6af259502e8d72cae48a0,bdechangepin.exe,6,401408,32768,33200,251,11,4.9421066296975535,6.457509385991718,3.1226261839708322,0
f4aafccf45a47f2dde8105cf10e9c51f5d472178e99f56ef27330e7647a810cb,BdeHdCfg.exe,6,151552,15360,15728,119,14,3.6872571787670068,7.199775761738434,0.30140680731160896,0
5d8350b7e1895b5a3782ef70a914046f7ec3e7c351650f90d4ea04a9a5a2370c,bdeunlock.exe,7,299008,148480,150016,167,16,4.548474918203526,7.159093692566158,0.0,0
5b76104c67f2e2ae2aaf0edcbcc746da852cc49003825d50300cce2c7dd00b3a,BioIso.exe,11,761856,557056,467168,153,30,4.312362546551,7.14102540605989,0.0,0
083dec947d8878c22d17eb9153b2622513005c801803bb83097df58b35c6e6d9,BitLockerDeviceEncryption.exe,7,196608,131584,130912,168,18,4.187262090305124,6.3561545209567205,0.4092635585601732,0
739b2dd012ea183895cc01116906f339c9aa1c0baabf6f22c8e59e25a0c12917,bitsadmin.exe,7,315392,94720,91552,154,21,3.761211622157822,6.105330024552634,0.7354871826419338,0
983502c17475814cccc6d8b41a87b62b28ded6dce680a67dd6ee44b367e20a1a,browserexport.exe,6,159744,96768,91136,216,35,4.201006396453414,6.124344420248535,2.3300708194776076,0
1a3ffeebe80ba871b268b259ac1233208e7affdb68f89ebd1b294fcf65c9c4a8,certreq.exe,7,638976,414208,410272,438,55,4.4983748339245695,6.356843875757673,2.126007155837903,0
fbeabc298ecdea381161a1da6881923b29fd7b1861a7b1779ce8011e401f8f81,charmap.exe,6,348160,81920,82720,251,15,4.28659387342192,6.964081328836161,1.2931191166595832,0
12b9400f1595bbf01b8dad67fbaca91c0f21b7d0bb1f21cd739156840bea7b90,ChsIME.exe,6,884736,159744,149344,181,13,4.164043558118408,6.166771919275437,1.5037570042481163,0
fcd544adfb547e65894c8c65dff1ee9bbf434fdfb1973cb008f23b9d9c43d55c,ChtIME.exe,6,192512,117248,112816,148,11,4.5941624939907,6.140724854349923,2.511857568483714,0
e9979c208d6b3f2b407c2be11975f9caccb29de9778b0817005deeabdf195d5e,cleanmgr.exe,6,335872,106496,107632,195,34,4.101651821785471,6.01948404442732,0.5521622054145205,0
fa4b2923ec989952d6f1976d300b28800b5cfade12c6f80909f8c4b7455aa4db,ClipRenew.exe,7,196608,147968,148368,111,27,3.6672000414638015,6.313956741656301,0.844813405028433,0
39464e5e1bb9d0d4375e88b0f1240e88870814a221b0dae289dcc2a1db4ea5ec,ClipUp.exe,7,1167360,884736,7792,268,43,4.519809144970067,7.4521335176094405,0.33501557787291114,0
8258756c2e0ca794af527258e8a3a4f7431fbd7df44403603b94cb2a70cb1bdf,cmd.exe,7,421888,200704,102224,271,37,4.28197642538029,6.30957865075395,1.0346602658536108,0
b871e7148febdbd4648bb8a3b40437a7e6c7873c39243d5bf27647fdd32f792b,CompatTelRunner.exe,6,180224,110592,105264,222,9,3.261325949124861,6.124724239778776,0.8268809930149935,0
6a8471969c70b70c041f3dcdfbbbcace87cf801dd867d52f0d8e940e46699edb,CompPkgSrv.exe,7,233472,159744,155776,131,25,3.810657993017331,6.257768852050906,0.5167778131028526,0
b5d9068aa14403640a2a2c97df9e96d128d017edb101d3febb2cb71bdac7dbf0,conhost.exe,7,901120,636928,129088,281,51,4.782601871858321,6.320870733620292,2.4823843314988023,0
d3e7932dea8ef3de2c3bad4cb127da947025100b315b028ebee6474e4570e097,consent.exe,8,204800,89088,24816,270,45,3.350715465428364,6.114480772977173,0.8281689751560144,0
76a8e17d79e2623b7e700eb763b4ecb8db2769f1d78921c9924890127806ce5b,control.exe,6,180224,43520,10016,97,13,4.2229039804010595,6.894936238235782,0.6424195263983177,0
879dc36d89b5f3a6f612267287efb58e70d23dabd56a42ae85ab52c0122b5fbe,convertvhd.exe,6,241664,141312,138544,143,27,3.4331436575057626,6.215719691026504,0.1417407374609795,0
8fb6567263eb215333d159bd2658224b659096816eeb4ce7f8d87263a5fb7f74,CredentialEnrollmentManager.exe,7,389120,264192,253472,267,53,4.222222572958629,6.168983032556581,1.4961279159873024,0
c734e33f2c64ce8bedfa7bd554afbda2c0035536db1146f24c1ccbcd91768ef3,CredentialUIBroker.exe,8,163840,98816,99936,179,20,3.2698189708143497,6.099938825134523,0.0,0
588ae8f59371598e379dcdafdc0e70c66492a1a998a37878a1626637ac1e1049,cscript.exe,6,180224,79872,10368,184,7,4.598179554519956,6.125833536713156,2.2402446507183886,0
664bb48bf3e8a7d7036e4b0029fa10e1a90c2562ad9a09a885650408d00dea1b,curl.exe,7,589824,406016,400752,222,38,4.762285094935517,6.390869687917223,2.9403476891782816,0
f05a8dcfded5cac1831b19599320e74b5528c95a4911ecdd1d12d7c2f641b5c8,CustomInstallExec.exe,7,159744,54784,51168,129,34,3.973731507796684,6.065685949175806,1.3619215666377251,0
f5a8b77c963ae5a928d58b5d11f4be92f0b8084aac0f556b4c85ff314909ccf7,CustomShellHost.exe,8,958464,706048,687520,507,46,3.6998439260816056,6.336126050860296,0.0,0
33e8628eea9d37b1e2c7be1c5d5fe04f05a5a8ec28fca5a6270b25f6e488ee86,DataExchangeHost.exe,8,278528,173056,165424,278,55,3.6090541989324896,6.161362992479569,0.0,0
28616d620bf5c3101989ec4451e694eab3f27997d9632859623f95e441466c36,DataStoreCacheDumpTool.exe,6,180224,112640,104464,152,36,3.8470766828161786,6.186959073017911,0.26182738835361985,0
9198630e9a117ec6afff67f9a0b464d36ef8b2015162410482652be009bac0b2,DataUsageLiveTileTask.exe,6,192512,119808,111616,188,40,4.2086975413263685,6.174713416037109,1.6600625585599562,0
d6c3d240454d99444b73c7eda199a6d632b6f464faf7a8586f870e1a89eef7f3,Defrag.exe,6,225280,56832,58768,135,31,4.193313436584573,7.513769361161929,1.2478075117653853,0
ed37c3cc21f7b3219d8ff4a90eea00b14ea900c7fb978f4225e48f404482bce4,DeviceEnroller.exe,7,495616,308736,291744,319,54,4.255206940916503,6.1418040002420815,1.702340047947776,0
536d46c3d6b00500f5a617d206e48f298af7e65a5e4ee60e33bf8631317b1af8,directxdatabaseupdater.exe,7,311296,201728,195728,306,39,3.9907306450386812,6.265192853521818,0.4308365694148935,0
925131df7e8843b2a0a0f3d5baae9205c8ac04affa5e047b82f6c9e5ddbc8ece,diskpart.exe,6,176128,128000,128112,118,8,4.609450337226491,6.199416325091611,2.3397615487763694,0
6f572bd4c5a0d9cdcaa2e63ff1b0e36982f4d35fa9fb9d360b2d8cc57fe4ee54,diskraid.exe,6,356352,280064,281936,81,8,4.488065150128832,6.272178633533013,2.2199140667660893,0
c61bdfa734e7ee8faa66277ddbab0d0a7ca58e29513513fb539d7dd09239b93f,Dism.exe,6,294912,146944,136432,199,8,4.659098891872446,6.111322983757606,3.595217721467111,0
d642b23ea35aa10925bc8a39be2d7180fdef2144439d57039e1c58847e19d9e5,DismHost.exe,6,159744,86528,82512,212,7,4.25653529549417,6.115402042758303,1.5456625210151775,0
293c41060221f9eca8bc127630b7aec2770482782cd586d6f46e8df08d45e1ff,dmcertinst.exe,7,217088,129536,118624,216,40,3.441909770126464,6.110849919799542,0.9013141306774823,0
210e36ae18a6c18e9218d0f72dedd030ca9cf45955ae2c849e5cafa6f7672a42,drvinst.exe,7,356352,239104,235904,261,38,4.400568019080264,6.2406382491577,2.0884764943685905,0
43525eb95023735313f674be6681d2878c69e2909b1cc9972caefde10485a4f7,dsregcmd.exe,6,487424,288256,263712,333,45,4.7764337084762785,6.201105905816037,2.982053853630387,0
3ffa0207b121a05257340f43827043047474891a1a3e96b92249804198d2199c,DTUHandler.exe,7,143360,70144,66288,160,44,3.5628312451334616,6.16205675665802,0.7272424779465247,0
03a69cfca727c13dfe68f81c68375ab2025f35d7a7b423ef7bea2aea1fd7beb3,DWWIN.EXE,7,258048,170496,168144,278,32,3.675213177904346,6.2443950279505485,0.43621720906755646,0
b3c1048df7a2292798efcad66b3400c5c3c5747e8f09993621fd0de7b33a159c,dxdiag.exe,6,290816,168960,165616,176,13,4.204906172424552,6.045933341845566,1.6150155420109618,0
cc388deb74a903ea0736d60705e537f81b9da8d1f6824535e45e8208b646ccb3,dxgiadaptercache.exe,7,262144,166400,162336,222,36,3.8841350366400142,6.268817201256672,0.49579760634715014,0
76ba246e9c5ad70b9cad634bfe8922994656f4067034b198822861dd828a56a7,Dxpserver.exe,6,335872,208384,208640,296,18,4.6161909783631385,6.185848886802211,2.7324629389356443,0
7c4565c860e006d6ab5f8b9b54e3942e98f7aa7e54237ab8e7ef295279e8fdd4,EaseOfAccessDialog.exe,7,147456,74240,71888,335,14,3.749422622214394,6.1432750592349,0.09800417566270775,0
7c07a7ceda36df90df03c2ce9cf7e1e0be7c42c77bf2e52ba2b2867b61b9bdc2,EDPCleanup.exe,7,196608,114688,109888,206,36,3.8529265949351057,6.131973308423209,0.6199071888695526,0
d527323643be9df4d174c3169c6f2c7854a59b781654bcaebd154cb51fb4219c,EhStorAuthn.exe,6,147456,43008,44832,123,12,3.567428444051904,6.21046180979927,0.39360932787291114,0
a39677dac0ed0e37e42ca7164449e60c755101a5a596898658f0607840ea8c38,EM.exe,6,671744,47104,48000,127,12,4.319026281317991,6.1485002647023235,1.6533304618742892,0
d29c791fc698f4eaf9015f2ea6f15c01d51a69bdaaf2f9181e4ce5a35552cc2a,EoAExperiences.exe,6,172032,108032,101488,162,22,4.670498416114479,6.093155363715734,3.023375287479143,0
753feb8e2bc07b6ed0e3ba836a33ec3c6f097a237fb9d48c23938892c8a16f4a,esentutl.exe,7,434176,276480,274336,198,31,4.006024809788416,6.20363166081167,0.10191042566270775,0
83c8d1a7582b24b4bbc0d453c813487185c2b05c483bd1759ef647a7e7e92dfe,eudcedit.exe,6,401408,198656,197088,562,13,5.240141494850744,6.916671762072279,3.4340229010109478,0
d0b9843a91399af8df67251462f93fafbf1e1c7a6c61b20adf6c2a49e357a691,FaceFodUninstaller.exe,5,536576,317440,261632,207,22,4.420806902038082,6.253001382994268,0.1589880449619929,0
f1cfbd352090d7dfdc1fe4d0b867809242c42336dffb0ccf3f492cf505ae339b,fclip.exe,6,450560,370688,317376,211,45,4.959285947409318,6.643166935021775,3.2106847271907784,0
c9b32713fc1bb3e783af81998c014d7f31f417c358d1bf1d47840ef0cd32ccb2,fhmanagew.exe,6,159744,18432,19376,107,9,4.064023040388771,6.835905266314797,1.4433532241413158,0
5e6fdd9577b0f5a6b3195ebf6daad0fa7348a11aba0996e52954e13c69352a41,FileHistory.exe,7,274432,33280,33862,116,11,4.186956938276498,6.151464572444372,2.7578627032442844,0
8ce960a4e130bd3cd273d75d4abfd143ca4f2eacf06d1f35ed1a902fa2f45fb1,fontdrvhost.exe,6,847872,650240,203072,149,7,4.948953830087324,6.473578030469621,2.514426552882064,0
551d7d1047ab302edf713deb2ac82afa9ca89aaa41a6557721d23721c873bc55,fontview.exe,6,147456,27136,27888,147,17,3.6816443108670995,7.1600030383156055,0.5826477827749535,0
b088a402467d54206254050a5d754f8b6313a670b350de8f28cab416095c894f,fsquirt.exe,6,163840,60928,58688,221,16,3.963711986610948,6.094780757223718,2.130456464225963,0
8767bc230a6928df40b66a1d127c7dbaedf70bd18d5c20c094ffc7f23902a7cf,fsutil.exe,7,229376,159232,155904,201,36,4.220179565572505,6.104238383608199,0.7892172119472599,0
b7fd898228effc5c80349b74175337486e43f327782b3cf37cc6c81ff5f934c5,fvenotify.exe,6,196608,58368,59072,131,9,4.807602035167484,7.131910548640914,2.5459219924732737,0
fe5098923f27ef6055e3343a26af9bed62eaa9eddfcb77ab06d2328d8497b112,fveprompt.exe,6,180224,48640,50208,90,7,4.73128952576412,7.130865996779972,2.5896623928737528,0
e36923d5f6a6bfc8674cc05715f22abf0384613dbe169fdf31f442bf9d5535df,FXSCOVER.exe,6,266240,150528,143696,752,8,4.939090755850356,5.997231963801944,3.784822470110177,0
9ba451ef593b7056f2dbc6388336cb9c0285d1a88839c362344d94591ffef4de,FXSSVC.exe,7,684032,532480,519200,369,17,3.908178379281408,6.34486210733341,0.10191042566270775,0
a4db0afefdc829bfc6e8015477236e73b3480a42d8a786ed4e206a48d14552fe,GameBarPresenceWriter.exe,6,360448,230912,221744,197,24,4.725789763592031,6.310989540127832,2.5633792396923867,0
dcd608428e733deab2ebb02435cb23fa567819789408de9be1ee463bdbf24ab2,GenValObj.exe,6,679936,471552,407616,185,37,5.257477070430595,7.699833564065822,2.174333438033165,0
ac52c2c75de6129762eda6cffec1650897755e1b61635fa2f7b46d886311612f,gpresult.exe,6,241664,163328,156464,197,32,4.610861469976203,6.153119221695087,3.1417555684999776,0
08d032da733d4dfe8df13c1884bc5b8aac402da5341155d83082a7d91f18e63e,hvsievaluator.exe,6,172032,104960,102240,145,36,4.619899274600149,6.285273237519635,2.7095217468326145,0
bf2579a6fe819f3cb6c4d7bd025aff12725f5565a74d68edf71cd3e75ce9c58e,ie4uinit.exe,7,282624,180224,180176,393,20,4.116547643800241,6.249115439399662,0.3521149675255742,0
2580a14e15277283e72b1a4f974ade821cdb10f826c20f108acfca1fc113ea22,IEChooser.exe,6,217088,119808,114304,299,15,4.994201369302414,6.084619928170524,4.348576433606441,0
46b1d6aa57faa98f68537acfe1c1e23c91ef5de3720baf3ddaa617e06ae44985,IESettingSync.exe,7,577536,418816,398496,304,42,4.6119988222027875,6.190910956140022,2.0979886994475354,0
fa9e71cb9718935131c5136d8d98bddddc1917ea4bfa9e36f4116ab7af46c275,ieUnatt.exe,6,176128,89600,87168,225,9,4.457864337454654,6.112240677257478,2.344732284187383,0
d070b79fa254c528babb73d607a7a8fd53db89795d751f42fc0a283b61a76fd3,iexpress.exe,6,196608,62976,64496,155,10,4.5574697747732875,7.019686413611291,1.3011337097343432,0
903e4fa43525d57646f55d9b3b91730f9b3a0527a7044e0340e6a2582ec19fdd,IMCCPHR.exe,6,458752,129024,128192,258,12,4.6740683157451794,6.15581979595231,1.7906374313036222,0
a4fdb1c95a4fc7491d9c1c3045e9b2827bf7a748b059c8d267134c0a8b763f36,ImeBroker.exe,7,663552,428032,267024,300,53,4.21235200205456,6.346165358994218,0.6535890492168895,0
7e9c59b8cbdd370a4192f9ac3cb3657cc7136cfb74ee1e28cf63d9307b7ceb6f,imecfmui.exe,7,339968,160256,150912,244,9,4.206443948657966,6.2391431076701735,0.27354613835361985,0
00dd85f627e953f114c0af021b9c203d0a46184acaed201f07313af275a6f798,IMEPADSV.EXE,6,376832,151040,148848,285,33,4.66907511135659,6.1325720426666415,2.649175016020999,0
28746b963b7ab10d590d7db255b78364b5f105473da0464a3e3afd3d9b136eef,IMESEARCH.EXE,7,217088,100352,95952,207,9,3.920075582628148,6.160300257563487,0.18415065608732903,0
e41b6e1dc3b77040b10ff3dc3bc54ab528dc0cbbbb9841d3ad05fd2136e542a9,IMEWDBLD.EXE,7,405504,169472,160528,255,27,4.212014171396749,6.167610833981619,0.19196315608732903,0
2c5c6eb1f0c4fd1e88c5efe75d714d5ea2803a6c221addf217204e6fdf5f825a,IMJPDCT.EXE,7,663552,272384,266400,361,26,4.417756760403794,6.184570356275906,0.19196315608732903,0
f270580d875c376e7ca80718623338c09635bb446890676c732c9989d326ee4c,IMJPSET.EXE,7,184320,63488,60192,268,30,3.933735640443772,6.058780374465292,0.22187125520435458,0
5cb769a9d7375d2a0fa5a6fb0e6a982b8e347f503411e363cacd2acf982b44a0,imjpuexc.exe,7,479232,265728,255072,282,49,4.2111435243577855,6.231232347698476,0.5781608918359333,0
54b6be8eb06a206a14fb6cbc76bea162e57fdccb945d213ca47b8bc72de9a3b7,immersivetpmvscmgrsvr.exe,7,172032,103424,96608,187,34,3.8593012291722024,6.170719092698955,0.09800417566270775,0
6fa685493ce0be5900d5648d1f02789aac403dabda6fe23d0d82b531547184bf,IMTCPROP.exe,7,503808,87552,86416,221,11,3.569780253345237,6.152167161838415,0.09800417566270775,0
1726e468963a71be4445369ba4822ebb4e058154efb887d33f3d0939e322f8ad,iotstartup.exe,6,147456,92672,86864,132,23,4.376141102691457,6.212555210492269,3.25257539384067,0
ac197bb3271677bbe23115458a5fa5c103b0151a85b1e38b941692bdef43cdd1,LegacyNetUXHost.exe,7,270336,164864,153488,147,28,4.078294141658914,6.184120422691729,0.42449845906755646,0
6f89fcbb814b12fc4f54e40257e3484d9e3b024b500247d8bfcf57a617bfb5bb,licensingdiag.exe,7,417792,312832,313728,137,35,4.031703908925781,6.3378234436435115,0.18805690608732903,0
377f253e8b57312ebb66c1884cb0c12085b30a3a8ebaa3f47ce2e7beecba004d,LicensingUI.exe,7,155648,105984,107024,100,19,4.015158797782489,6.337696849609319,0.0,0
06fd80b9ce1ea1b26bcb4f85f0378c5261916dbd8484e4aef54cc80fa4de8527,lpksetup.exe,6,778240,486400,473568,341,25,5.510417186835524,7.208792705255505,3.5073242196126313,0
3597ae3ec200222c133c2310f2bc328704b95e40d6695b38678c763da9f21a81,LsaIso.exe,7,344064,223232,223216,287,30,4.284607677970929,6.110850364869477,2.1028877883096078,0
84270ee226f6d65513f91496478d55e44d74d44f981694e9c8c342ebae9d62f5,Magnify.exe,7,671744,491008,465536,448,20,4.413207153037536,6.35734186034671,1.1162875976982973,0
38f20a75e04bb9a53c563152a90a5b29ab689aff58d6abd3e005d156ee4e4c73,manage-bde.exe,7,249856,96768,45872,120,12,4.328375429199932,7.118773366287509,0.15127132530476972,0
924900296011ee448f34ce42d204528e23e2c13e19ce22231850af46ceb9a451,mavinject.exe,6,192512,43520,40752,164,8,4.596221260756047,6.075581689837108,2.585581155591599,0
3baa1dc0756ebb0c2c70a31be7147863d8d8ba056c1aa7f979307f8790d1ff69,mblctr.exe,6,827392,190464,190624,357,43,5.299609795674191,6.506204337871643,3.922979253487224,0
7660d0fe6c4b9b51632de7083b5373dee2f29fe2b3d9c7bc64e9b19aa6206a5c,MBR2GPT.EXE,5,1179648,838656,834496,423,15,5.287554145534048,6.350080260065274,4.237395541523519,0
efa15543c74280db9770f023396bbe6732710117f02d136fe687f4277438169b,MDEServer.exe,7,479232,374784,371840,158,30,4.412186692489034,6.351275886724049,1.6517124912379235,0
6acc7d67afb9f605e773b4f19e5ccc8403416af49f844476ae515947b68652e5,MDMAgent.exe,6,188416,115200,113472,165,21,4.049843674268046,6.097903609133502,1.5051121016459976,0
ad6b62744314989ee83b3775fbcbfb3c990f243c0adca84da0aa0addc055ab50,MDMAppInstaller.exe,7,204800,112128,109664,181,15,3.3612436383962563,6.237729142462724,0.4010609590675565,0
b6d6b1e726e8e7c4765ebc7a3517b02e0900d438c3c78559ad8dc176eff4399f,Microsoft.Uev.CscUnpinTool.exe,6,442368,280064,257552,164,7,4.789955382688478,6.184747950476336,2.6606769384105227,0
1993b07cda6ae2a0520656d6722b17f8c8e394db318f3ecae23334ac6aba34ed,mighost.exe,6,266240,23040,22768,102,8,3.7630549569707825,5.869343114623989,1.7932917550478478,0
071b0d3a08503a8b88aeeda1d20f371a563377028f6e252dc66cce60ab8f823e,MpSigStub.exe,6,917504,720896,114384,184,4,4.673231374822119,6.503548597444655,2.870818042383521,0
3f8bcdb8b12c5889c89237069762bf09ebb34f7e62fb7f14de8bd0e6f3176cc4,msconfig.exe,6,217088,76288,75584,388,14,5.155517535118163,7.185905894422093,3.8773996455408946,0
75ad348426e843c7084fb66ef227296572e3fcf1175901d12d4f6935c1f0ea4c,msdt.exe,6,516096,367616,363232,505,22,4.986752173356899,6.205696847594088,2.921922930609645,0
c6983231171af90413061a4365baa8c0c0cdca0bd13dd29df5094d3052d8c20d,msdtc.exe,7,208896,52736,52464,152,27,3.75045006725246,6.101796380884371,0.21649061555169155,0
6495ad2e5fa7c0990d3a9d477cf782a5a37d2acf2e449cb011608b21d7b66f4d,msinfo32.exe,6,421888,146432,136256,342,17,4.750369688993351,7.236718491742203,1.3051678138125822,0
a89c1574ddf5a6ee97a6d9f85d9ab964ef50f5f0e7a5e0e9667f0ca50b02ed97,msoobe.exe,6,233472,137728,135216,233,36,4.4064628245376865,6.235409584983949,2.181679044859886,0
6cd8117d20cb069be22d713c0d82d539ed00920279210b6f7b1077b2cfdf5d5f,mspaint.exe,7,962560,631296,606656,1063,37,4.833506623030139,6.228158157110317,3.196658385559753,0
d6510eb052be859e7134a8c8659f29a7ed5792e42b5125c0efcbaa020f79bb1f,msra.exe,7,610304,305664,301040,415,25,4.1328257474029835,6.144799921987735,0.18805690608732903,0
66479fca0dc380ecbd62bc55a75c2ab5b33fbf3d2119c47748fbf3a3dd3a0954,mtstocom.exe,7,192512,88064,88368,175,30,3.8008890649078135,6.1007187045319835,0.26182738835361985,0
65ca6c0d16328357177bd0ad7f2c82f4f579f9d0de34caf8dcc118aa1a4e1d66,MusNotification.exe,7,716800,492032,450800,304,56,4.078669625866192,6.293271737533171,1.230855497253263,0
268601f6b226dd77b7c457d1c9065b735b6cbd3b1febf3988a5d805789ffbbe7,MusNotificationUx.exe,8,655360,414720,389408,312,57,3.8163529212735967,6.316528938108412,0.0,0
de00aca948a34a5c562361be2bf4265ed5aa8cb7e5af466722c7e49cd705080a,MusNotifyIcon.exe,7,651264,266240,253376,332,57,4.093214421985253,6.264645600597037,1.8909861723884875,0
b5404b382b9fb6ddbe64476e64bc56bca844244473bc0d9f961f0a4fc8680e03,Narrator.exe,7,552960,266240,247184,649,51,4.10335992028682,6.189094834669936,0.49579760634715014,0
bee222c21c3c823e01a5cfe803ae599e835cd9074fa9e3dd288fe4ac57919dce,net1.exe,7,253952,133120,21968,213,37,4.148848932592501,6.236208032682672,1.5989545867671713,0
7b4c590127a1b658be9ebd433539923a73836cca7cc56f0909934cf6e1cdd57d,NgcIso.exe,8,483328,332288,315024,156,28,4.3137906417512735,6.204324180525154,1.3824069322309804,0
50742fc1c1af7bfb5a58af2c7d19a0d552a9c4493b1b972139f56927c25197aa,nltest.exe,6,598016,41472,43248,166,10,4.61228099796794,6.267058781721763,3.7816771947490495,0
18ab8337c01b1a5bc483267f4208e95799b2ca9e8bf2a3497ed901cc0472a53e,notepad.exe,7,229376,149504,147088,260,28,4.318135962085387,6.283862101962044,1.80764245930928,0
a16d898bc2bfccc0559801edb096afb02687a90510e7f9df365fb15568d33750,omadmclient.exe,7,491520,338432,326816,355,50,4.017044298582492,6.20037034487025,1.7267702019619504,0
df90df8f832e04248125413a6fa9b8aa437a2a83a597be78722b55a62a208f96,OpenWith.exe,8,139264,50176,51360,117,15,3.3217869826802486,6.0891677593603895,0.0,0
df8015128e825b6eebe2e3e1c757d0840ba9b7619418eb60e18ec2a5ed07b4e2,osk.exe,7,704512,141824,139488,387,17,4.0710175327253335,6.220818971100957,0.10191042566270775,0
aefc61a0747646e46f3c3cc0051330287405fd852f66a125b96171fd12ac8861,pcaui.exe,7,184320,109568,104896,214,22,4.07575130922984,6.285032678190386,0.5493427521832703,0
5f041cff346fb37e5c5c9dab3c1272c76f8b5f579205170e97d2248d04a4ea0c,perfmon.exe,6,196608,41472,42144,183,13,4.56089015646745,7.506731102088554,0.3647720688356909,0
7e0d564c43f6af50c3eb2a6c75d93979dfd4350c1e1685d5cc7bc89d759dad5e,PickerHost.exe,7,135168,76800,74736,132,24,3.815040484228184,6.106525104590152,0.0,0
da5791d9cf824022826bf12089707526be61ddf3dd167ea979c52b1521a23b66,PkgMgr.exe,6,266240,113664,112848,148,35,3.931971421467279,6.186320733525759,1.458707795462539,0
97eb0a71f6f55e2f2efdea0e49eaee6435db104d88f938f9ffa3ddccccc6fdba,PktMon.exe,6,1409024,465408,445360,389,51,4.727779362714896,6.308374149093013,2.9275562469699143,0
4e1be0a106c0cf0cb3d6e8e4ecd2023b5d64b583b9e8619fe4fd8ca279f27c86,pnputil.exe,7,352256,234496,232944,291,44,4.039050158983277,6.2775261946386856,1.3063841949868746,0
3774762edb4870154c171e4d271846c856abee61fa0c871564497a57248ab1f2,poqexec.exe,6,520192,357888,37408,140,1,5.010816208594396,6.234677915631779,2.9092510693248537,0
2e3e40e8bf13d88396f22e7c6ae25b2725871e32237538414dff8485ecf19fa0,powershell.exe,6,512000,69120,18192,159,8,4.857158850455396,6.142692292036001,3.2653724890718765,0
1172951d8b1aa4cf9d0ac9f72ae344c5896ce4286c790a1f0dff8a6f71a5772e,powershell_ise.exe,2,229376,71168,0,0,0,6.3144197167380876,6.751220128977878,5.877619304498297,0
17d6dcfaced6873a4ac0361ff14f48313f270ac9c465e9f02b5c12b5a5274c48,PresentationHost.exe,6,294912,65536,63104,218,14,4.852776681827126,6.6792093448239225,1.9154951854478337,0
6e59ab1a0b4ac177dc3397a54afcf68fcea3c1ee72c33bd08c89f04a6dac64b8,PresentationSettings.exe,6,241664,87040,88368,195,24,4.9088737393624395,6.481205636273939,2.991273242071191,0
dea60f7dc49f0f0ed9af2296dbecc7c07f5d7a34cf3dd2f735887d33e397706d,PrintBrmEngine.exe,6,286720,192000,189904,281,16,4.19585288343713,6.227513260800605,1.5674160228919758,0
f1b0e93742ca3da4dcb92f9333256c179de5606c9aaa460b1e1a39ce2307ed42,printfilterpipelinesvc.exe,6,761856,519168,451424,283,13,5.081493684784812,6.2724438032110905,3.506356090952717,0
7f84ed1bc7994c0acd0c57e4c9a7eab8c22b13030df1e514db382b0f640e20d0,ProximityUxHost.exe,7,278528,202752,203424,273,57,4.235511832362935,6.2489355866314105,0.0,0
b3a005b6a6bdd681e083fd82da840bb40f06f07a00703e74494ae220af2b25ed,psr.exe,7,278528,182784,181856,373,14,4.073881257938067,6.261593170508251,0.19196315608732903,0
84ac50efc952cbd15d20de319e3dc480b406d496cf2776c261acfe62766b10f3,quickassist.exe,6,970752,615936,576864,350,64,4.977791219233311,6.251264948014706,3.2951881677805863,0
f8746ad84516d7b9164c2ba3701074a42b9f5e5da3f0e254ca5336fbc305c7bf,raserver.exe,7,151552,77824,75216,193,12,3.8137404399361925,6.044412139187165,0.09800417566270775,0
cd9ae56d949c59001e4ea5355645f1bdb274b9ad638c43f2f709eb5a425db8e6,rdpclip.exe,6,491520,358912,356704,347,53,4.91543417127473,6.2925935471427135,2.8747729123472046,0
fe44617feda9a38fcfb4a5f4dca0aed24be8e58b74467dafe8f92498a6a84df3,rdpinit.exe,8,368640,251904,249024,269,32,3.6709011037028434,6.325277369063189,0.0,0
39bfb2214efeed47f4f5e50e6dff05541e29caeb27966520bdadd52c3d5e7143,rdpinput.exe,6,200704,144896,145984,141,7,4.319895428291673,6.213563481208895,0.494718798257928,0
52f86e78214c9c3b611d4f83c28fc400bf928a3ce6a5065ca9ac31d9df728c3c,rdpshell.exe,7,479232,365568,364000,343,45,4.124322685284534,6.31935786379691,0.19196315608732903,0
1dc95e9a1181768a65cbece85a12e826ef7e157fb488b27b6e3e13249d2d1be4,recdisc.exe,6,217088,75776,76672,179,35,4.663310972114194,7.139364259337493,0.37657569716343303,0
bb8f89f8e3a06de5fbc50377e52868d0cbd28319c08c377a50c071aec199137a,RecoveryDrive.exe,7,962560,623104,617648,369,43,4.382590616536644,6.253985614152555,0.10191042566270775,0
16fa7e31c204670f5f598e586ae6a39c1fd996c43cf5aa902a4b9df184cb4920,refsutil.exe,7,1187840,856576,846976,270,39,4.47508301197495,6.390479387614893,0.13733933398051973,0
509a5a06f26e7cd8fed50d39d36d32d617887f04fdd8edc2546254df61c1132f,RelPost.exe,6,200704,85504,86320,146,10,5.0349323822810925,6.981004625259726,2.730016463318432,0
13930144928b4c55ac75120678f3c523b6e6e1730b0e5bc972a15faeae399259,repair-bde.exe,6,151552,25600,26384,110,13,4.09413091876324,7.117078582236315,1.263419829123666,0
c6cfc02a3520fb6628aa61eac2290447bd35f36e804cb6a71e9d2bf2fed0b280,RMActivate.exe,7,602112,427008,9696,124,26,4.903707931714022,6.97181150931152,0.18805690608732903,0
265364a3e2b14a10de840de6f86bed8737638af7537a52e9eb32555e3fb86e80,RMActivate_isv.exe,7,626688,433152,9696,124,26,4.8898666970415325,6.759448593717005,0.19196315608732903,0
2da3ce75463b0f8b99b2c5d1c07f6450812fa7e10385316cc6587ee29b071260,RMActivate_ssp.exe,7,524288,378880,9424,88,20,4.755777821061353,6.811946404977514,0.10191042566270775,0
aead49ca461086872d44d6b4c749a961fbfe39a3f6d51a9b46756f854c574356,RMActivate_ssp_isv.exe,7,520192,379392,9424,88,20,4.768542650732971,6.811815415363436,0.10191042566270775,0
ac1ff41b14b810d93e17bbdbb605285060f2ba9d9e215e75ea529c07907e9819,rmttpmvscmgrsvr.exe,6,163840,102912,95728,180,33,4.483187579603498,6.149293211482675,2.8687937234223435,0
fddb26ea551f5f3e6069f903de73c4f845baf67b84208889b37bcee2b60f0f14,Robocopy.exe,6,192512,130048,127760,229,7,4.010841261996942,6.272716735201925,1.3675434608726798,0
3a488d5a1478d07c6b468f6ebeba228086cfc0f76851a6712989f0d73e57bccb,rstrui.exe,6,294912,136192,137280,245,11,4.3138960704405145,7.369390706612981,0.462979085482711,0
edb022a190addca93441e3ac4d08f056d2052ec9e83824ea329155ee395bb8b6,schtasks.exe,7,253952,155136,149344,164,33,3.858764002730958,6.149043440799101,0.6055355639531631,0
9f109ced3d575702764073be91f83e46501db38659c6192e76a30e219f7ca9ac,scp.exe,6,499712,218624,104096,179,7,4.909484221839356,6.4826713236868585,2.025454196756283,0
798d3217d154d12a2d8a75461f984a5edb43342e3cd4f7ee6aa261d205fc7dc7,SearchFilterHost.exe,7,290816,104448,33504,211,41,4.416516201834247,7.064639934918096,0.29046607431271465,0
9b3d45a78621c15cb753396c8fa167e7d78cc15d45dafc158fb7a86bf20fe8d7,SearchIndexer.exe,7,962560,625152,171312,352,64,4.7436963748178025,6.24072534835326,2.4611308484156167,0
e0f3b972218af5421dee9ffe238852bc69e7f4b0d120b8d14f1f336c72ead169,SearchProtocolHost.exe,7,438272,212480,98832,283,47,4.820657036279767,7.053605321226882,0.8856749442582228,0
2adf09f8ac66b252f8e383428e462579226e10abb6b5a0f5034b58073866f430,securekernel.exe,15,1040384,656384,211296,40,4,2.9651059831484714,6.403539708358568,0.0,0
9fb99dd6648998eddc4af6ae101c621bb52aa0e7c65f93f3e9b2f6b0cefd1106,SecurityHealthService.exe,7,991232,715776,703184,347,64,4.7231051500208725,6.361537948077821,2.4618757614329505,0
7f66a5fce8fa2f89681f31c8483f194bb7930b32ecdf535876c037cbd4f7c25b,SensorDataService.exe,6,1343488,860672,824640,197,41,4.932394156350175,6.267061235039904,3.2676861571613514,0
f016360c75e8250af691929082ba2066078fba4e84eac3d496e4eda9a0b6ec62,services.exe,7,720896,527872,213296,460,51,4.3110652084860375,6.335437033976333,1.7604930096628104,0
e30967bf710e87892fd7cb52a57ebfbd2abd43e579b620e69f24c99d61b0384b,SettingSyncHost.exe,7,987136,710656,703104,318,62,4.603673914224016,6.276078845947415,1.8510266692456285,0
d8c82d592f22e9dd985e946444aa90b7ca132bcb222daf741732d74b2f7e9716,Setup.exe,6,303104,146432,146752,339,8,4.517744313827639,6.1630752425861415,0.8387435517563078,0
1091229716bbe5c0c6d9f38e6bfead861780ae481ec7cd379886f59314ce4989,setupugc.exe,7,155648,79360,79216,148,29,3.4254685972496466,6.117919784446738,1.3616081135025455,0
a354eb6416ab635ab8059fe07fb87488793eee30fab09429e00974dbf38f90c1,sftp.exe,6,643072,267776,135712,185,6,4.960315260685235,6.484653679503402,2.0444264221518287,0
5f2f668394fbed842d0fe461059f6c71c95b5f0d476206b7003e63aa1de7c684,SgrmBroker.exe,6,335872,226816,213360,306,53,4.802646007826474,6.194324378836209,3.040606962463856,0
779e6c10aa485e87689be5bd0f641108159dde4000b3b9d3cd202c1d3149c743,ShellAppRuntime.exe,8,925696,690176,671824,504,45,3.712753856690077,6.339389323564537,0.0,0
4cd9b593fb1c494c7a8452a842db774995c62746f68bdcaaa7d81d2433ed78c8,SIHClient.exe,8,425984,284672,271472,323,60,3.828850835730792,6.311795112885986,0.7955553222945969,0
23f4116bbe170c16533d2599d64de2214f25829fcfd15c0e2eda1728c35f254b,slui.exe,6,565248,275456,222032,171,23,5.279872745611162,6.566726027030564,3.1368811796282525,0
fe5ae6addf86f4005ca4b19a610d62a437f1c616867b7e52d5374de4f3d2be25,smss.exe,6,163840,86016,5360,197,1,4.163947084681644,6.150054038620611,1.5635678322087947,0
b7af41f279791f814a9201e853b99b35e8662e719c5ec8e2e7350597b85f3f4e,SndVol.exe,8,294912,143872,140864,365,43,3.291871525772759,6.097455132995126,0.0,0
76d5e4823e157eed21ad467a54408df0c32185687629900c919333374d7eff09,SpaceAgent.exe,6,188416,111616,112288,205,14,4.044298849330507,6.167682297937392,0.8785593486269304,0
77333757554b38971fab7342b8c465ab2792556525b3853a14ff54aabf9356bb,SpatialAudioLicenseSrv.exe,8,176128,107520,103648,147,35,3.711712704149554,6.2706697238601015,0.0,0
2adbf6d8b71abbb381f7945bf416009cd186711dd06fa7594206ff0765d246e9,Spectrum.exe,7,897024,649216,622112,278,61,4.374165919964484,6.253973102612563,0.3560212175255742,0
933e0764b16e376bf2dba699b470afbb1c435515368a48aada15ff2f193f7bd9,SpeechModelDownload.exe,6,200704,102400,99968,183,33,3.954508856089767,6.1468527607657535,1.5867517999719223,0
0b34c0ce043b88fabd65f61950f2edad4424b1e6b632e6136cd77044f9e81cc2,SpeechRuntime.exe,7,331776,181248,30944,206,44,4.380849901023494,6.124238075602509,0.42339966652472194,0
6fa424ddd31e80d679d987fd94fb2a35d8bbead7f5f09404af531b46dbae85b6,SpeechUXWiz.exe,6,483328,119808,114560,384,14,5.122652530384908,7.231762009801557,2.125298236505892,0
27c0563663b843cb229db1b266fdf01bbb62846f2ce480dc804ea3b5a32074cb,spoolsv.exe,7,868352,506368,78848,321,36,4.708510364096421,6.3748873307751985,2.273509768388677,0
31888a6ca77d54877c131f304dff33d54a2ec9fa7376d8b517f0f59304a1c81a,SppExtComObj.Exe,7,589824,453120,53792,187,17,5.363284749891661,7.531449559397976,3.957439334833541,0
45e5d01b732046019d56c1964cd3b9145c472e94cf71e910b7d314836cde04df,ssh-add.exe,6,643072,262656,149616,265,6,4.724656560607532,6.479161647382303,2.0721105634924237,0
71f4cc7595c6d5e93aaa14259df817c6c1d4bbcf285545fd980f6dbc86a30379,ssh-agent.exe,6,475136,185856,92656,225,6,4.5512002400112115,6.484212668537727,2.010250081167472,0
731befcb1a1655fe46ef91b3a02982b71d841e439de362ef3b1eca5644fc8dae,ssh-keygen.exe,6,892928,404480,250336,338,6,4.795343834894008,6.478126102576352,2.0753508736865767,0
2ba00213f3e384cdc396dccd5a58f17a9dada923ae8db5104ecf4af972fe8ffe,ssh-keyscan.exe,6,724992,316928,192256,241,6,4.743843028002526,6.492865608160295,2.146318737870332,0
722bee41ccf54b88660c0e67adeb2c9612c18d739e5a8eb8c35c3d7066a95871,ssh.exe,6,1150976,605184,444432,334,7,4.960349936417102,6.468096068476617,2.559635739094325,0
c682a407f948d8f765429e0c55e155d097c9550ffa7b70dab92737da8270fa9b,systemreset.exe,7,528384,202752,199600,282,26,4.403719519374859,6.258938337895902,0.0,0
856101b8018e71e863fd4b6edf1625d1e32a3c8db6eefc4be25f43716fd3949c,SystemSettingsAdminFlows.exe,8,532480,296448,279552,381,54,3.903854438639635,6.202672764600013,0.0,0
4c28edada19118c58124565f55ef76acb0b6959dc5b2abd0244bb39588a74254,SystemSettingsBroker.exe,8,217088,98816,30192,136,33,3.633896302598704,5.992429092229163,0.0,0
9cf89ba85a8861ea63694b2c7fbb072af02e834e51464a9d18bae1abd1369377,Taskmgr.exe,8,1245184,834560,196848,913,82,4.1197461380403775,6.306812339900282,0.0,0
23f411903d16b37178a5d9f0d29b03926ff99beac7cbd4ac394f371174fddd33,tcblaunch.exe,6,921600,754688,75520,0,0,3.960631290919997,6.609152541473211,0.445879695830048,0
f85ca601b1d538936a2f092c4a720e3aec33bb1132d2301c3d0244adfc5d4180,TieringEngineService.exe,7,344064,268288,266256,223,41,3.7501971450528795,6.340030662192252,0.10191042566270775,0
ee4eff4345e440cc51d8b2be8d43fb3994de03c6723a663c327036940809eb64,TpmTool.exe,6,290816,187392,171168,193,12,4.209281561823663,6.22823449547114,1.5238480616243584,0
83a29c782ec24687b132344564f27b855fd87888c8e91532f8026330a7ffe2c1,tpmvscmgrsvr.exe,6,163840,103424,95936,181,33,4.432186698144518,6.143123889746788,2.873471032696454,0
0262ae7ff233280122e92bd8bd17f704bb4e356d002b58bc45a03d0568777d03,tracerpt.exe,6,585728,272384,273088,257,41,4.460387251527978,6.382973376682214,1.6517866696360666,0
ba7ee7f7ea8e23c8353501161fe8a5a8466595e5badf0db7c6b8ff69d5a80a01,ttdinject.exe,6,290816,174080,152456,188,36,4.651679940782786,6.305907450132157,3.09679693939009,0
5ed71bb16352c882b0f3d959c69d12d7b7543b79007a4f0ee9705df43551c8e8,UNPUXLauncher.exe,6,548864,337920,330400,238,25,4.678840305467012,6.338981361385913,2.6272259378442984,0
21f41fea24dddc8a32f902af7b0387a53a745013429d8fd3f5fa6916eadc839d,unregmp2.exe,6,282624,114176,114864,154,9,4.2965396770571305,5.933261033363471,2.4784151854664023,0
cef269a742c5131619457818f49d5189e67c11a0309464d9d55e96389d3dea78,UpdateNotificationMgr.exe,6,471040,331776,323376,212,22,4.739415433871689,6.328199750045437,3.133624100923542,0
c0b4402e694e33eabe6699c3833bada83150fd59f8d68b94ca970c733065605d,UtcDecoderHost.exe,6,159744,67072,62208,155,31,4.9008390793976675,6.115955582442535,3.5183752398612804,0
5fd88e42c415361f26abd29ce3ccc3b605fc6c055de284358d6d53b00352aca4,Utilman.exe,8,151552,75776,73952,293,14,3.4290725760254754,6.145986193514765,0.0,0
033f069224f65753e9ec006dbb6961824389911b7b0d679f85b2e33d4b6479dd,vds.exe,7,745472,385536,373312,360,41,4.334797091208768,6.1507935900721336,1.6703338137269368,0
608af8aef15ba4f75996d46249a428ebbff1551de06f6eb6a053c2c330da6965,verifier.exe,7,192512,75264,77024,147,30,3.8293328168901746,6.192835513311218,0.09800417566270775,0
19a383a3028816c56ab123962707adda9d3f68091c44f9d9e2f69e6ca935f151,verifiergui.exe,6,225280,123392,117040,369,12,4.703653634843374,5.968343871999192,3.337538644725771,0
8c1fabcc2196e4d096b7d155837c5f699ad7f55edbf84571e4f8e03500b7a8b0,vssadmin.exe,6,163840,88576,82832,138,15,4.2011287971710845,6.032735404962799,2.48747495973005,0
824f54f7455efbbfd42591e7fd2b761c5d50c7bceec7ad994d38550dda0372ed,wbadmin.exe,6,348160,267776,268592,203,10,4.544696858226555,6.394110273846694,2.7518313678548005,0
2828d06fe31d1d3a1910dc4f370ca652f10cb0f8c83cd0ccdec1f72a1469ddb9,wbemtest.exe,6,249856,110080,108224,172,21,4.9366910507734945,6.832635521888757,2.3340794927802677,0
fae64228db1cf5ff6800bea63858d4af4197e656c4106926ccd7dcfb8518fe5a,WerFault.exe,8,589824,349184,342656,438,68,4.0055656408517395,7.014287553111516,0.0,0
18fe3f09e9034be60a9c0d81ad4df64b6f0ab1cac716fc054b7d0d15b0998883,WerFaultSecure.exe,7,188416,60416,60496,152,34,3.7637924904583855,7.305989765051109,0.22577750520435458,0
e36a62779f5c0077bc6f5d76ea58f7cc31b8a96f4bc068267bf35d5b0e5d2336,wermgr.exe,8,258048,98816,97120,235,40,3.748724747195632,7.303609183717002,0.0,0
5d960f589d53fdf369040bbbc815cc6d8ed626c20a1cd5b584ae9179eaf0a275,wevtutil.exe,7,266240,191488,181296,210,44,4.257563262510253,6.292413021120817,2.047201047463314,0
fbb6dc62abeeb222b49a63f43dc6eea96f3d7e9a8da55381c15d57a5d099f3e0,wextract.exe,6,167936,31744,33280,156,8,4.12196829561639,7.155515201478367,0.4068473715812382,0
4f28fe83424f7697aca2ac8cee764fea7ac9941ccec5cebb99652616a61c6de2,WFS.exe,7,991232,476160,451872,979,21,4.789898402927259,6.163877999852017,2.9420152238296224,0
e3f2134b8be7e02d306c27a1ff225bc26c8667a00d1baae20befe1fcf9af45a0,wifitask.exe,7,143360,79360,78784,195,39,3.637268814597802,6.150571677062317,0.09800417566270775,0
9b13fb85798312587fa2ab20ff1cb9510d6353f27801ca96c40f9c8668e23742,wimserv.exe,7,532480,417792,417872,235,35,4.1673235715854595,6.3921250859737695,0.4850508740374556,0
4e165300602de23e570dbf2b039fb18c431479e996e83b62abeaa2a0c28b497c,windeploy.exe,7,245760,149504,144496,195,39,3.994497766093837,6.167232101672444,1.771499802326226,0
f7372f2e4f39ca0b08f5e0bc9ff60d19c0d85607b61b40651d9545f115d555d2,wininit.exe,7,430080,292352,18704,393,44,4.473778692589435,6.3209819112116845,2.1202364634504374,0
e716a71f0d33c163d44e83134f8f0b0bc126f8a249daff1e0bca8727cd485a31,winlogon.exe,7,929792,614912,231584,469,61,4.8643001921242774,6.302240719676027,2.4935060246162526,0
9bbe219612b9b2df5dbd25249a44ccabd29eff4d12e99feb8288595279f982c5,winresume.exe,9,1445888,1005568,4240,0,0,4.609066150452021,6.506648616482752,0.445879695830048,0
2779bfbc0fcc7ccb6b3a56a07eefcdbe1ebff53535a31450c05ecd34ec674312,wkspbroker.exe,7,294912,203264,199040,249,13,4.08344492918839,6.273632175345094,0.0,0
cae4e5342cabe8975759841c6bd447c2062eb03e17fda854a8fd302bb34b75c8,wksprt.exe,6,466944,257024,249472,312,14,5.173374625741604,7.465760377679666,1.5841850030557032,0
e2ca49c2288e0d6f22a5ffc87b770b0a9ff869c8a11f912bccd4ba2288533c74,WMIADAP.exe,7,200704,100864,90112,172,31,4.179804370554579,6.029372149554368,1.3287818791073152,0
ed8a0b7f9995567a76af23f1685301a8b692e4df699522c1c79ebebfc912aff3,WmiApSrv.exe,7,229376,122368,110384,150,27,4.423729780226692,6.085044921754672,1.8548197684760181,0
3640aa594d0fea820310996ff56bfa6b80f3885a942b80a9d02a56e35c438458,WMIC.exe,7,598016,346112,303232,211,38,4.514240527501944,6.939677994632054,2.0101253932737517,0
bc8197ec7bed901248c18c3c2cdf2b6740de8b9118bf735d4ad5edca3f3204e9,WmiPrvSE.exe,7,516096,291328,75136,153,26,5.02833919674403,6.832335081619855,2.6035150479479117,0
85acf0c510de6dbb88b0977292e6caa254d20ebc28259adb082209ee9cec47bd,WpcMon.exe,8,1183744,661504,609936,390,35,4.267186846857837,6.1600045183014185,0.0,0
2924b986900ded3a17cfa8c56bf201782e025000dca9371ff523a1c9ce6f4846,WpcTok.exe,7,282624,154112,142416,191,38,4.170713690496857,6.10048764605991,0.10191042566270775,0
8c0561d4cffa9c37940b8413f369724152fa0adb904d65507a8186f0803453a1,wpr.exe,6,339968,207360,193968,211,36,4.847538577687936,6.239561454743108,2.4339753174401024,0
4173fc5a6864f03ab021823cd0f2f085ba85b3a9b1e37a2094798fc099507523,wscript.exe,6,184320,84992,11664,201,7,4.500765408649863,6.096549456197432,2.249167000275253,0
57b0c6d4a6e5d0f77ff1237c7020529a22240406811152db900022a3501ab8bc,wsl.exe,6,192512,83968,76464,178,45,4.987224938374124,6.252442670915754,3.593356144379643,0
0afb119f6e5c7634a71c39eaf1563f27066acde2acd228342d8633fa5da83b63,WUDFCompanionHost.exe,8,176128,100352,102096,157,29,3.575006832982417,6.100330938405005,0.3910475983278078,0
9257fb70df5e18394baf6d4f12eba33ac7fb51692e735a2016e70e1ee54971ee,WUDFHost.exe,7,327680,223744,125360,162,31,4.09257913724977,6.166400300123407,0.8886656362523354,0
584b8f6c7435505d3689a83b9e9ea4546c441f45173e19943f47618af1d8d957,wusa.exe,6,360448,121344,122368,212,13,4.478058610391653,7.357049713354087,1.594779215105012,0
5df264ff33dcdc6a3e25bcaa376fdf6857fc1661aa019ee91ec67390db26dda7,WWAHost.exe,7,1011712,643584,219072,221,47,4.51359815946964,6.201488989502631,1.6581875953943905,0
0016d62346cdb482ef51f842aa979b2babdfa843db87f1b7efe2712444d0954d,0016d62346cdb482ef51f842aa979b2babdfa843db87f1b7efe2712444d0954d.exe,7,303104,252416,127228,140,7,4.521456968497166,6.369853143429916,2.4687032572822423,1
002b98b0bb7c65414327845f1c7324cfd80add0746a89994844e9ca7b2dfaee9,002b98b0bb7c65414327845f1c7324cfd80add0746a89994844e9ca7b2dfaee9.exe,19,147456,7168,5136,51,8,3.4209532118848784,5.95455484201014,0.0,1
0050a69d6e93eddcd1ea4b7e951945f8970e5700d9436238bde7f63d757988ae,0050a69d6e93eddcd1ea4b7e951945f8970e5700d9436238bde7f63d757988ae.exe,9,487424,302080,5328,135,4,3.8753186257459373,7.944990269860216,0.0,1
006194421ffcba4d790dddcbb6996e55470bdb5880043c16afed1a8ff29d094e,006194421ffcba4d790dddcbb6996e55470bdb5880043c16afed1a8ff29d094e.exe,11,405504,254976,251344,142,10,4.0218910757962325,7.827818566900221,0.0,1
0065b818525d8a364f5d9e4b801e3408dad6576ce6d8ca5c01b19c3857a08d64,0065b818525d8a364f5d9e4b801e3408dad6576ce6d8ca5c01b19c3857a08d64.exe,5,696320,488960,228346,150,4,5.605719013208566,6.6953584845052205,4.522284786545751,1
00e6db8d116020d7dda556e0cdf9e0d4c9e57bb8d566c0e702a23ec679a46b51,00e6db8d116020d7dda556e0cdf9e0d4c9e57bb8d566c0e702a23ec679a46b51.exe,5,184320,69632,176704,119,7,3.3385795417851156,6.690722886537076,0.0,1
00fd368983e0825b36e03a014e1bd5f622fb880bf17082f89785b829fe2d0d80,00fd368983e0825b36e03a014e1bd5f622fb880bf17082f89785b829fe2d0d80.exe,7,1101824,831488,577624,154,9,5.128001999423974,6.455672443789391,3.276079319742529,1
0150ca403ae96a68321d3529ae13bca57fd36c754a9d03a95b502cdf3221af0f,0150ca403ae96a68321d3529ae13bca57fd36c754a9d03a95b502cdf3221af0f.exe,7,303104,252416,127228,140,7,4.521457466666266,6.369856630613621,2.4687032572822423,1
0183edb40f7900272f63f0392d10c08a3d991af41723ecfd38abdfbfdf21de0a,0183edb40f7900272f63f0392d10c08a3d991af41723ecfd38abdfbfdf21de0a.exe,7,303104,252416,127228,140,7,4.521457950468305,6.3698600172278885,2.4687032572822423,1
01b57b7ab116a353b5d7d778b62c1a99f7f9f10e6af3a524aa13b9e3a588d751,01b57b7ab116a353b5d7d778b62c1a99f7f9f10e6af3a524aa13b9e3a588d751.exe,3,221184,195072,202782,1,1,3.3972072850735953,6.219747293319748,0.10191042566270775,1
01bfeed1000907ad1063e513454ee73eecf2d613386e38473640fc5b88ac1090,01bfeed1000907ad1063e513454ee73eecf2d613386e38473640fc5b88ac1090.exe,4,155648,93696,50387,122,8,5.276853366059417,6.717652991509656,2.4755371621255273,1
01d82a941b1c5186c3c2ad0cd44843e51c69756e52783d9e3a5dfa09486973ec,01d82a941b1c5186c3c2ad0cd44843e51c69756e52783d9e3a5dfa09486973ec.exe,3,7020544,2162688,7014512,12,9,4.297019286496024,7.944748303168213,0.0,1
020417c0f9f086b2f712490812362efe7f4459200a8203c95e37ba4613e5bd03,020417c0f9f086b2f712490812362efe7f4459200a8203c95e37ba4613e5bd03.exe,7,303104,252416,127228,140,7,4.521453932488217,6.369831891367273,2.4687032572822423,1
02062da1f52d15e66a08348cded9e478b1e0c7b334de4b42c719710ab2b5bf16,02062da1f52d15e66a08348cded9e478b1e0c7b334de4b42c719710ab2b5bf16.exe,7,303104,252416,127228,140,7,4.521453349771187,6.369827812348067,2.4687032572822423,1
0249b425db285f5c25f3b9e7d5d286985988db0d08402afcc98732f80dd26c5b,0249b425db285f5c25f3b9e7d5d286985988db0d08402afcc98732f80dd26c5b.exe,5,131072,70656,4096,134,9,6.455631398365403,7.9730478186280145,5.101566576786176,1
0272a8168ae5a28425123f70b59812e10ead08bf85a3aef231cb17e05e014afd,0272a8168ae5a28425123f70b59812e10ead08bf85a3aef231cb17e05e014afd.exe,11,405504,254976,251344,142,10,4.0218927991958955,7.827818566900221,0.0,1
0273f8fb4c836ff3778aebe80bd1949fab951ff06b47f516a18c08b296ad27e6,0273f8fb4c836ff3778aebe80bd1949fab951ff06b47f516a18c08b296ad27e6.exe,7,1105920,832000,577864,154,9,5.1337590812554765,6.457580825369698,3.288114820620353,1
02835451193c2232094b591b7ef52a18786bae3232330839e63631f077f4946b,02835451193c2232094b591b7ef52a18786bae3232330839e63631f077f4946b.exe,9,5279744,278528,5296,123,3,3.5383749555171025,7.435869731466176,0.0,1
02a08b994265901a649f1bcf6772bc06df2eb51eb09906af9fd0f4a8103e9851,02a08b994265901a649f1bcf6772bc06df2eb51eb09906af9fd0f4a8103e9851.exe,4,163840,93696,50387,122,8,5.276853366059417,6.717652991509656,2.4755371621255273,1
02b49fd8781580e1f25034c9ca89d7989729f6ca898579f434cc6122247b7c06,02b49fd8781580e1f25034c9ca89d7989729f6ca898579f434cc6122247b7c06.exe,7,1114112,837632,580920,155,9,5.128805596764616,6.454310449345297,3.3153761372296953,1
02c280735b472354058060e2408e640021f2e6ee58cccbc537ff50920e1d087b,02c280735b472354058060e2408e640021f2e6ee58cccbc537ff50920e1d087b.exe,7,372736,179712,50768,127,3,4.583173233992056,7.348749652147584,0.0,1
0303f89829763e734b1f9d4f46671e59bfaa1be5d8ec84d35a203efbfcb9bb15,0303f89829763e734b1f9d4f46671e59bfaa1be5d8ec84d35a203efbfcb9bb15.exe,8,3174400,1234944,476000,46,1,4.375576059787013,6.77849977624592,0.020393135236084953,1
030db5fb2a639b0c1a63bbd209bd1f043dbc4dbb306102f1726cdd4a6500fb83,030db5fb2a639b0c1a63bbd209bd1f043dbc4dbb306102f1726cdd4a6500fb83.exe,7,1019904,764928,539000,152,9,5.124471954686877,6.4691711234292955,3.326908469058778,1
0315dbb793f855f154aa8d227151f1098bd9b580a4f85064648b85bac1321663,0315dbb793f855f154aa8d227151f1098bd9b580a4f85064648b85bac1321663.exe,4,184320,120832,41793,162,9,5.191229503998404,6.636538725072839,2.05984910955278,1
033b4d28791b318fee5017e79c87c974ee621bae3b137d78ff11e2623ecf78a5,033b4d28791b318fee5017e79c87c974ee621bae3b137d78ff11e2623ecf78a5.exe,9,5279744,278528,5296,123,3,3.538869742708172,7.480058372104087,0.0,1
03712d5e96fdb8f0e110ffb1f5448e8e963d008de31ed69b77a5f78a5ac25533,03712d5e96fdb8f0e110ffb1f5448e8e963d008de31ed69b77a5f78a5ac25533.exe,3,200704,69632,195440,10,7,3.8772405076189855,7.906207653043132,0.0,1
0382f4930cb892b43c80ef147ad617c332a7c2e298502ef0e6663b2b48319460,0382f4930cb892b43c80ef147ad617c332a7c2e298502ef0e6663b2b48319460.exe,5,696320,488960,228456,150,4,5.59925838132776,6.690990601348272,4.521525873237447,1
03aa12ac2884251aa24bf0ccd854047de403591a8537e6aba19e822807e06a45,03aa12ac2884251aa24bf0ccd854047de403591a8537e6aba19e822807e06a45.exe,7,1056768,798208,546232,153,9,5.132659055232982,6.454745195162336,3.3176483009611126,1
03d07d15c8e652a5d059cdb7f8c333fcdc96b64b920f973458f81de9f04543bc,03d07d15c8e652a5d059cdb7f8c333fcdc96b64b920f973458f81de9f04543bc.exe,7,303104,252416,127228,140,7,4.521455910171211,6.369845735148229,2.4687032572822423,1
0446a3278b1757d733979c95aa2b74adf29ba72d6e381d0102687ab1f551cdbb,0446a3278b1757d733979c95aa2b74adf29ba72d6e381d0102687ab1f551cdbb.exe,7,303104,252416,127228,140,7,4.52145681778998,6.369852088479616,2.4687032572822423,1
04e768174636f0a5be42e9cee5974a8b9db2832d4e79cc973ad617185ab80595,04e768174636f0a5be42e9cee5974a8b9db2832d4e79cc973ad617185ab80595.exe,10,131072,62976,5136,130,5,3.351746067315014,6.348081145053982,0.0,1
04ffd0d5fd66764de6c68fce5ac75b1990191721f151a7b8e01ef156066fbfbe,04ffd0d5fd66764de6c68fce5ac75b1990191721f151a7b8e01ef156066fbfbe.exe,7,303104,252416,127228,140,7,4.521455893292325,6.369845616996034,2.4687032572822423,1
050c6b14a0308fc4adbafec1465b2202b8d378b0e8df7cce38b04e35772b04f3,050c6b14a0308fc4adbafec1465b2202b8d378b0e8df7cce38b04e35772b04f3.exe,4,249856,81920,78082,420,13,4.902760634587111,5.75883353737201,3.456470681689453,1
05283a213c1a3b09e71c7c153a75e86723add89ff41dfc9d0a7ca3d12cb6bbd1,05283a213c1a3b09e71c7c153a75e86723add89ff41dfc9d0a7ca3d12cb6bbd1.exe,11,405504,254976,251344,142,10,4.021892873894788,7.827818566900221,0.0,1
05294c9970f365c92e0b0f1250db678dc356dbf418dba27bdd5eeb68487a7199,05294c9970f365c92e0b0f1250db678dc356dbf418dba27bdd5eeb68487a7199.exe,8,11665408,6935552,440512,46,1,4.114068913203017,6.229039798806015,0.020393135236084953,1
05aae055be9d3b3fe46488ec9409302b5b029a25cbd379092dab5f50ea61b4db,05aae055be9d3b3fe46488ec9409302b5b029a25cbd379092dab5f50ea61b4db.exe,11,577536,363520,337264,143,10,3.5996184831928386,7.825119293714998,0.0,1
05b9f915afb91b36115a25cec09270f2119922488b9224d8b3a49caefae54ab7,05b9f915afb91b36115a25cec09270f2119922488b9224d8b3a49caefae54ab7.exe,7,1056768,798208,546232,153,9,5.132367012682683,6.454745195162336,3.3176483009611126,1
0626cf52bd697b73d774be87f7426aa86478dfa62a77a1c8eaeaf1dc6da3ed2c,0626cf52bd697b73d774be87f7426aa86478dfa62a77a1c8eaeaf1dc6da3ed2c.exe,11,405504,252416,251352,142,10,4.0102369229973,7.826183703546527,0.0,1
064caff351bd2f921ba9a61b143901367eaf9253f7fb8887b8847ad078d64b43,064caff351bd2f921ba9a61b143901367eaf9253f7fb8887b8847ad078d64b43.exe,7,303104,252416,127228,140,7,4.521454875215092,6.3698384904554,2.4687032572822423,1
0665b7edb08806e5a0666a6888dcab0fabc8b54c89fd0be24100c7e93131be95,0665b7edb08806e5a0666a6888dcab0fabc8b54c89fd0be24100c7e93131be95.exe,6,98304,58368,37120,60,13,3.9425028887653135,6.588638725402302,0.0,1
066a1746c910ff6b1cc8c8fa0795c8ca4f1f1b01c746ca24d72b385b0aa087c2,066a1746c910ff6b1cc8c8fa0795c8ca4f1f1b01c746ca24d72b385b0aa087c2.exe,7,303104,252416,127228,140,7,4.521455128793089,6.369840265501382,2.4687032572822423,1
06873dcd2edafcffe3daede3c6fe20ae461f50d46e808494eef17b7d2d0785e2,06873dcd2edafcffe3daede3c6fe20ae461f50d46e808494eef17b7d2d0785e2.exe,7,303104,252416,127228,140,7,4.5214573030585115,6.369855485359337,2.4687032572822423,1
06c2a137c31aae5d02b4d7df61ffd31f1af9a9e59978f15b3f7265cc751bff1f,06c2a137c31aae5d02b4d7df61ffd31f1af9a9e59978f15b3f7265cc751bff1f.exe,7,1114112,837632,580920,155,9,5.128946431776977,6.454310449345297,3.3153761372296953,1
06cac5834189eea0c42c6aed0acf3d9246798c80210af43714aec8244c25b212,06cac5834189eea0c42c6aed0acf3d9246798c80210af43714aec8244c25b212.exe,7,303104,252416,127228,140,7,4.521456568802142,6.36985034556475,2.4687032572822423,1
06cf663fa6a023cda386f3f2530b2d950c6baf6c1431382d91ed3aa65c59fede,06cf663fa6a023cda386f3f2530b2d950c6baf6c1431382d91ed3aa65c59fede.exe,7,303104,252416,127228,140,7,4.521452237919545,6.369820029386576,2.4687032572822423,1
06f10c935fae531e070c55bde15ee3b48b6bb289af237e96eec82124c19d1049,06f10c935fae531e070c55bde15ee3b48b6bb289af237e96eec82124c19d1049.exe,6,4366336,1948160,416928,39,1,4.262268250669254,6.171135455668361,0.020393135236084953,1
07608050c4cb42fb604d98bde59b93f727af673a6304047c2f4123a9a36af5c5,07608050c4cb42fb604d98bde59b93f727af673a6304047c2f4123a9a36af5c5.exe,7,303104,252416,127228,140,7,4.521454738629097,6.369837534353433,2.4687032572822423,1
07f005db8136e4339295027b076b00b9e785ec1c21cba47b1d0f3b2a70394af8,07f005db8136e4339295027b076b00b9e785ec1c21cba47b1d0f3b2a70394af8.exe,7,303104,252416,127228,140,7,4.52145519010243,6.369840694666768,2.4687032572822423,1
08207409e1d789aea68419b04354184490ce46339be071c6c185c75ab9d08cba,08207409e1d789aea68419b04354184490ce46339be071c6c185c75ab9d08cba.exe,7,1056768,798208,546232,153,9,5.132836575158044,6.454745195162336,3.3176483009611126,1
089abc7af921ee042acc19cd2f52bf40705af2aeaa336084bdcd1fd5edcd23a2,089abc7af921ee042acc19cd2f52bf40705af2aeaa336084bdcd1fd5edcd23a2.exe,7,303104,252416,127228,140,7,4.521454200542122,6.369833767744606,2.4687032572822423,1
08b74bb2d6ec9bbdabdd92fb32d8322d2e08b45b0be069c7429675d33d5060c7,08b74bb2d6ec9bbdabdd92fb32d8322d2e08b45b0be069c7429675d33d5060c7.exe,5,696320,488960,228346,150,4,5.609104583889382,6.697524248093771,4.522284786545751,1
09175b12be9491968e6d9f8878a634156075da518a31f416956fbd0c50fa36d0,09175b12be9491968e6d9f8878a634156075da518a31f416956fbd0c50fa36d0.exe,6,65536,37376,21632,55,5,3.323271966234596,6.382829422770244,0.6741864453563067,1
09260431c796a1221273a8d454696ef3afd32af72cd1157f491943efbc6afdc9,09260431c796a1221273a8d454696ef3afd32af72cd1157f491943efbc6afdc9.exe,7,303104,252416,127228,140,7,4.5214560941554245,6.369847023037732,2.4687032572822423,1
0933f23c466188e0a7c6fab661bdb8487cf7028c5cec557efb75fde9879a6af8,0933f23c466188e0a7c6fab661bdb8487cf7028c5cec557efb75fde9879a6af8.exe,3,6942720,2134016,6934608,11,8,4.259761593639655,7.943866337294708,0.0,1
09403153fcdb2b700f8b7ab47da7f6e9dfa365d21235a2b8d66080cb76dc62e2,09403153fcdb2b700f8b7ab47da7f6e9dfa365d21235a2b8d66080cb76dc62e2.exe,4,405504,211968,111471,95,4,6.446816032921186,7.735507428119294,5.324540451916652,1
0a0f1e0ef771046285f78b7af20aac3384b521dbbf6bc69ca6d559cc15d9f97e,0a0f1e0ef771046285f78b7af20aac3384b521dbbf6bc69ca6d559cc15d9f97e.exe,3,57344,25600,33534,1,1,3.0473476960740444,5.378636414481552,0.06116285224115448,1
0ae6570d9e659ffd5efc1e3f9faca696bd12b66b8d125b1159aee9e5251a4d79,0ae6570d9e659ffd5efc1e3f9faca696bd12b66b8d125b1159aee9e5251a4d79.exe,6,1429504,885760,818188,212,11,4.135305302861938,6.298302970309067,0.0,1
0e34d74e5bd4694f9deaa223d3f9a448f0618eebcf6d81114d3047d65836c967,0e34d74e5bd4694f9deaa223d3f9a448f0618eebcf6d81114d3047d65836c967.exe,6,315392,172032,52656,143,5,5.418672365998449,7.861199322145422,1.8392217063172442,1
0ff90e51f04083e8bb34bb7a414a9b28a5e0264e152ac086e64b548e5a771956,0ff90e51f04083e8bb34bb7a414a9b28a5e0264e152ac086e64b548e5a771956.exe,4,147456,101888,103471,210,9,5.5739342042740105,6.674024121012599,4.450978418041835,1
10157499f507352e37a313393c24d5024123c5a4d557fc509094bad4652ddc86,10157499f507352e37a313393c24d5024123c5a4d557fc509094bad4652ddc86.exe,11,17649664,1568256,12443736,14,14,5.366872203733057,7.9990741368135305,0.0,1
112a40f154ad5de7f8fffa34e50751ab8b893f5285f96e7179177374127fcb6c,112a40f154ad5de7f8fffa34e50751ab8b893f5285f96e7179177374127fcb6c.exe,3,1253376,1224704,1232418,1,1,3.2570012892259492,5.768692843764813,0.10191042566270775,1
11e508b38307c2ee091406449b78fc1e5cae7d48ac40e4fc3339cb31a4d52754,11e508b38307c2ee091406449b78fc1e5cae7d48ac40e4fc3339cb31a4d52754.exe,3,376832,297984,305854,1,1,1.9666106503915415,4.20025194011162,0.10191042566270775,1
12bba7161d07efcb1b14d30054901ac9ffe5202972437b0c47c88d71e45c7176,12bba7161d07efcb1b14d30054901ac9ffe5202972437b0c47c88d71e45c7176.exe,15,3952640,996864,474656,46,1,5.527054989944795,7.9983173448005225,0.7372102088396264,1
12cf510444fbe31d26b0d07046827713acff59310a677041d10a38baa5475bb9,12cf510444fbe31d26b0d07046827713acff59310a677041d10a38baa5475bb9.exe,3,9601024,9571840,9579822,1,1,2.282006985865732,3.7389639454752657,0.10191042566270775,1
131b141acb1c4b1eb1b1654d7166feeef9dba521cee4216abd2d9ad48370797b,131b141acb1c4b1eb1b1654d7166feeef9dba521cee4216abd2d9ad48370797b.exe,4,2740224,589824,458034,431,14,6.182990761493414,7.321671829133888,5.363418549252923,1
131da83b521f610819141d5c740313ce46578374abb22ef504a7593955a65f07,131da83b521f610819141d5c740313ce46578374abb22ef504a7593955a65f07.exe,6,573440,382976,323948,126,4,4.688958784245969,6.407028651731263,2.0564154151016787,1
1338408cf2fbb6f78b650f0d76aa3a9e18430b9887bc319880adb09268bbbbb1,1338408cf2fbb6f78b650f0d76aa3a9e18430b9887bc319880adb09268bbbbb1.exe,6,118784,63488,61864,120,13,4.710910899346253,6.381467979851322,2.772485264841308,1
139480e1c4ae77b2b865460af38b48ad32fbc8a68c3c657baac3ab3896226192,139480e1c4ae77b2b865460af38b48ad32fbc8a68c3c657baac3ab3896226192.exe,8,475136,347648,351568,375,14,3.50211934583219,6.660537814107213,0.0,1
1607500bd24fab311e3ee7ba9e72e94a84f6c2d40731086981ecb463c638080f,1607500bd24fab311e3ee7ba9e72e94a84f6c2d40731086981ecb463c638080f.exe,6,172032,90112,71440,118,12,4.7219729408392785,6.322235905970868,2.3838912219062856,1
1664fef87be7d26d5666aa84e6096798c0932ea25eb65b5a9e38a107b6e48b3d,1664fef87be7d26d5666aa84e6096798c0932ea25eb65b5a9e38a107b6e48b3d.exe,3,278528,250880,258878,1,1,2.6910652022763792,4.209467371876439,0.10191042566270775,1
171c9a82171f9092fbc4b9d80af92448c9d2b6ebe00e14ceef0e5259b92578c7,171c9a82171f9092fbc4b9d80af92448c9d2b6ebe00e14ceef0e5259b92578c7.exe,3,122880,90624,98630,1,1,3.759301263878651,7.717426331246353,0.10191042566270775,1
1883f96a17abd478d2b068662a56c717729c96e0270ce3d517c2a72b1f829b0c,1883f96a17abd478d2b068662a56c717729c96e0270ce3d517c2a72b1f829b0c.exe,3,1097728,1024000,1088832,12,9,4.139187196231615,7.9997704363825735,0.0,1
1b01ad0f500a671f4afb488b2106559a42ffccf2ef8fabd31642df361b19adc0,1b01ad0f500a671f4afb488b2106559a42ffccf2ef8fabd31642df361b19adc0.exe,7,180224,99328,103535,24,3,6.235894536036186,7.988637190820267,2.933736131095884,1
1d1b08a2f0b09dd0f0a85439d62800bb8c3a3b8dfa0afa9ba7f9c477b8dbd6b5,1d1b08a2f0b09dd0f0a85439d62800bb8c3a3b8dfa0afa9ba7f9c477b8dbd6b5.exe,3,65536,33792,41790,1,1,3.823296120557315,5.9463696065075995,0.08153941234324169,1
1e7c0f7091e8ed3687b06556cbbda638af99e35d372ba257cedb8ada4b2c43fe,1e7c0f7091e8ed3687b06556cbbda638af99e35d372ba257cedb8ada4b2c43fe.exe,6,335872,249856,134628,103,5,4.186548096460201,6.652714775574813,0.0,1
1ea37e077e6b2463b8440065d5110377e2b4b4283ce9849ac5efad6d664a8e9e,1ea37e077e6b2463b8440065d5110377e2b4b4283ce9849ac5efad6d664a8e9e.exe,8,3166208,1229824,476000,46,1,4.371990381854766,6.778858303640312,0.020393135236084953,1
21f8191117df5f58d24ea288d35f2d2225b0b1fe90a98c1c0aa1536cb22fdf2c,21f8191117df5f58d24ea288d35f2d2225b0b1fe90a98c1c0aa1536cb22fdf2c.exe,6,131072,69120,66856,169,19,4.595284283216238,6.194437243196466,3.3191450291765388,1
25fba0e92d00184dde662c7d30aff006851dba296daa6f6f82ce797b66789ed2,25fba0e92d00184dde662c7d30aff006851dba296daa6f6f82ce797b66789ed2.exe,3,1208320,53248,1199920,4,1,3.083143649048265,7.877517358063055,0.0,1
2857269196f820d1cefe17e55a9c9f6cb29fb799550fa57650bc2e8ce0e7d27e,2857269196f820d1cefe17e55a9c9f6cb29fb799550fa57650bc2e8ce0e7d27e.exe,3,1261568,796160,804194,1,1,2.3628360155480483,4.666004001411805,0.09800417566270775,1
29a1e8ccc5c59371c8f7e1f59e4999cc7ab6b838c7625d2468952aae35f04943,29a1e8ccc5c59371c8f7e1f59e4999cc7ab6b838c7625d2468952aae35f04943.exe,8,110592,29696,32996,85,10,2.7229984731878623,6.511672174892099,0.0,1
2a9257c6c74e37d051f78ed5abaa620b71b27fa3604798af077256a128d911bb,2a9257c6c74e37d051f78ed5abaa620b71b27fa3604798af077256a128d911bb.exe,7,643072,446464,230056,148,9,4.939196810410292,6.444353976710699,3.327771232012449,1
2bf72c8b782560f50f3eb889dc5df028d70f00b3ae09bce364dead4b59c74894,2bf72c8b782560f50f3eb889dc5df028d70f00b3ae09bce364dead4b59c74894.exe,7,368640,173568,52784,145,5,4.602591599292423,7.554978390832915,0.0,1
2c9bb93dc2c9f841e58db43ba7dedd490cf7e0fd9e66c4b56a888e25e93a510c,2c9bb93dc2c9f841e58db43ba7dedd490cf7e0fd9e66c4b56a888e25e93a510c.exe,6,172032,99328,103535,24,3,5.9569665932106455,7.986363375296244,2.933736131095884,1
2eb1a793802a58977cf1d8530a40f7a0d45b46166eae888bedf4f7884b6590b1,2eb1a793802a58977cf1d8530a40f7a0d45b46166eae888bedf4f7884b6590b1.exe,7,372736,174592,53456,145,5,4.596860850509225,7.554987528772999,0.0,1
2f45a3079b5949b6dfb356f79c30ba333635f1eab27704232a7eb70dc428e4ee,2f45a3079b5949b6dfb356f79c30ba333635f1eab27704232a7eb70dc428e4ee.exe,6,2400256,932352,411232,39,1,4.17007379504837,6.149637021289879,0.020393135236084953,1
31529c7f5c2f38a57227b307bb77e2dc86d283bd8110cf0b8a38285f75b7f872,31529c7f5c2f38a57227b307bb77e2dc86d283bd8110cf0b8a38285f75b7f872.exe,5,1789952,31232,12872,71,2,5.1364712569653035,7.5763485137243975,2.5733208168768917,1
31e1948d4e15f5eebeeb8c43d57ae0398b39d0edea908df6bcd6e032bbdb93e5,31e1948d4e15f5eebeeb8c43d57ae0398b39d0edea908df6bcd6e032bbdb93e5.exe,3,49152,18944,26942,1,1,3.0600882557191085,5.3981587522325425,0.08153941234324169,1
32e10dc9fe935d7c835530be214142041b6aa25ee32c62648dea124401137ea5,32e10dc9fe935d7c835530be214142041b6aa25ee32c62648dea124401137ea5.exe,15,4796416,1316864,468768,46,1,5.76161982383022,7.997799160780366,0.8556848540171444,1
33067028e35982c7b9fdcfe25eb4029463542451fdff454007832cf953feaf1e,33067028e35982c7b9fdcfe25eb4029463542451fdff454007832cf953feaf1e.exe,3,8953856,7745536,8945760,4,1,3.1565343497971416,7.99996954956954,0.0,1
33e5396c26b5fff35264d758f66244d54372a93be3bc83a27bb1ebef58b1528c,33e5396c26b5fff35264d758f66244d54372a93be3bc83a27bb1ebef58b1528c.exe,3,1204224,53248,1196176,4,1,3.0745137309883788,7.87059148268134,0.0,1
355bab2269c022a38af0df27bae2e84c6601b0b2c49edcb4316c2e45da2cbd27,355bab2269c022a38af0df27bae2e84c6601b0b2c49edcb4316c2e45da2cbd27.exe,3,552960,262144,545792,9,6,3.431821446575695,7.920917948286713,0.0,1
374aa1aaaad4ddd0a9a5f08f643f96b3fb8b741802e19ac2fb8843351cf8efc1,374aa1aaaad4ddd0a9a5f08f643f96b3fb8b741802e19ac2fb8843351cf8efc1.exe,19,1654784,1084416,5136,229,8,4.3477624762613205,6.1942195377897695,0.0,1
374f9df39b92ccccae8a9b747e606aebe0ddaf117f8f6450052efb5160c99368,374f9df39b92ccccae8a9b747e606aebe0ddaf117f8f6450052efb5160c99368.exe,6,167936,99328,103535,25,3,5.963470127480761,7.986487094849607,3.0389614741824005,1
37c761fb83cea0a542da8a9c77726aa96483424bbfe6eb1b59640141f1945f55,37c761fb83cea0a542da8a9c77726aa96483424bbfe6eb1b59640141f1945f55.exe,6,167936,92672,4096,132,9,5.500674619656046,6.685305185474287,4.387984432193301,1
38e2e2b90a9cb4f7f33e2bc5c2dfa3f6c2ff7b4babf6053513c6b0d0b66bd8c9,38e2e2b90a9cb4f7f33e2bc5c2dfa3f6c2ff7b4babf6053513c6b0d0b66bd8c9.exe,5,1658880,31232,12872,71,2,5.1464519216157605,7.6262518369766825,2.5733208168768917,1
3b9f7030cede5d4e6c29654a6c0b66cda26760c5e3c12821be05077221aa5f5a,3b9f7030cede5d4e6c29654a6c0b66cda26760c5e3c12821be05077221aa5f5a.exe,5,131072,70656,4096,134,9,6.455969685321553,7.975273538748604,5.101032291446335,1
40a87dc07204b2cd9f02afd39b9d0c0b56a579e1a0282fb6c166ccc46cc8ec70,40a87dc07204b2cd9f02afd39b9d0c0b56a579e1a0282fb6c166ccc46cc8ec70.exe,7,1110016,486912,11606,74,8,2.6574795233823925,6.459239266683389,0.010079855634849531,1
41ed02e7903545bba8840e49367e188e6023cff2c1344e131caa44f33347c0c1,41ed02e7903545bba8840e49367e188e6023cff2c1344e131caa44f33347c0c1.exe,5,131072,70656,4096,134,9,6.456188232767938,7.9755383275065235,5.101860239920341,1
431194da56ac840593ffc09ed03fcca3c328100b0e0ba43b19674f0a416874e9,431194da56ac840593ffc09ed03fcca3c328100b0e0ba43b19674f0a416874e9.exe,10,4988928,3408384,5088,292,29,4.101444280383616,6.361435036033458,0.0,1
4369aed581de0fe84c25a1ef2c3cf0bb6bf70df8b51fdf38b3b0b2a55f43261b,4369aed581de0fe84c25a1ef2c3cf0bb6bf70df8b51fdf38b3b0b2a55f43261b.exe,11,8527872,6056960,5120,407,13,4.3745935080161304,7.776988292059158,0.0,1
4525387f28bee6bb48d07e6989319f382447a8a6e48ae11f332dee9916feb8cc,4525387f28bee6bb48d07e6989319f382447a8a6e48ae11f332dee9916feb8cc.exe,7,581632,174592,53456,145,5,3.9509919506309563,6.4769036203980175,0.0,1
4582be51967f3d43ffe57cb8964ff05ada8498748168fbb01271ab66b27d4e03,4582be51967f3d43ffe57cb8964ff05ada8498748168fbb01271ab66b27d4e03.exe,7,9117696,110592,5881944,2,2,4.814806585598975,7.962631747482689,0.0,1
4608bcc2632c46335cd9fabeed46837c4fae07d624bc86cdbb43cecc0b701dd1,4608bcc2632c46335cd9fabeed46837c4fae07d624bc86cdbb43cecc0b701dd1.exe,6,315392,167936,48672,131,5,5.377598556118706,7.475080766027331,1.8346765722623417,1
463e0c67cf75a210227602c67588975ed9551feeb40adda43342283817a0ef29,463e0c67cf75a210227602c67588975ed9551feeb40adda43342283817a0ef29.exe,7,356352,178688,50048,127,3,4.670929045366528,7.97459889551166,0.0,1
47aa84cda2854d32ed9621b6121281069caecdbe7f0b665183aba0bd4db3d729,47aa84cda2854d32ed9621b6121281069caecdbe7f0b665183aba0bd4db3d729.exe,6,184320,106496,111727,20,3,5.862508332416983,7.987717035444684,2.7807255627049092,1
47aab1f5a9de4659066c5d1ca8f3a72858811c3d41b6de5f04439e96d134d6d7,47aab1f5a9de4659066c5d1ca8f3a72858811c3d41b6de5f04439e96d134d6d7.exe,4,282624,188416,79933,166,7,5.384795444456812,6.587029112860372,3.4130172158976166,1
49c720758b8a87e42829ffb38a0d7fe2a8c36dc3007abfabbea76155185d2902,49c720758b8a87e42829ffb38a0d7fe2a8c36dc3007abfabbea76155185d2902.exe,8,3002368,1179136,473472,46,1,4.37855713205525,6.790279726937045,0.020393135236084953,1
4afda03ddeb1c62a1f87765ea383f920621134c3f6362959cb9993c24752fcb0,4afda03ddeb1c62a1f87765ea383f920621134c3f6362959cb9993c24752fcb0.exe,7,1114112,837632,580920,155,9,5.133703686266865,6.454310449345297,3.3153761372296953,1
4cd313662dab4c93a7e0b4f19d66e92d8263f17265832b95da52468b60be7075,4cd313662dab4c93a7e0b4f19d66e92d8263f17265832b95da52468b60be7075.exe,10,126976,60928,5360,126,5,2.750354668628868,6.232492831741752,0.0,1
4cda6af63873eca99b9a0b69be1c8b9c81b501339f569a30fd30394fa54da3e1,4cda6af63873eca99b9a0b69be1c8b9c81b501339f569a30fd30394fa54da3e1.exe,8,2945024,1161216,455872,46,1,4.096518373170578,6.244035349446737,0.020393135236084953,1
4f88d3977a24fb160fc3ba69821287a197ae9b04493d705dc2fe939442ba6461,4f88d3977a24fb160fc3ba69821287a197ae9b04493d705dc2fe939442ba6461.exe,8,3174400,1234944,476000,46,1,4.375578471637696,6.778494379828728,0.020393135236084953,1
4fbbf0d94f1140ffde0bdd48c5b07f91f2292fae78b227e48a50b60ed624763b,4fbbf0d94f1140ffde0bdd48c5b07f91f2292fae78b227e48a50b60ed624763b.exe,7,4218880,40960,4864,161,8,3.107375813146881,7.995505488768957,0.015920183265625623,1
502f998c0f71fa41207f363ee71267c1118ffb8c60e81d9eb0993faa9b05d4e8,502f998c0f71fa41207f363ee71267c1118ffb8c60e81d9eb0993faa9b05d4e8.exe,7,315392,179712,55856,146,5,4.4831504192757015,6.609519367772375,0.0,1
51b9f246d6da85631131fcd1fabf0a67937d4bdde33625a44f7ee6a3a7baebd2,51b9f246d6da85631131fcd1fabf0a67937d4bdde33625a44f7ee6a3a7baebd2.exe,12,26017792,989696,20473868,8,3,0.8337603478345356,7.854627860125371,0.0,1
54c9c36da7b33456f8a72768ec357d05da21293ebe64c17c877ded0def7b72e9,54c9c36da7b33456f8a72768ec357d05da21293ebe64c17c877ded0def7b72e9.exe,6,2400256,932352,411232,39,1,4.17007379504837,6.149637021289879,0.020393135236084953,1
55e69954973f40718e6462573576a39158eba9865816aba4e4d6ff22fac80d2f,55e69954973f40718e6462573576a39158eba9865816aba4e4d6ff22fac80d2f.exe,7,368640,178688,50048,127,3,4.57884632469965,7.35014558701962,0.0,1
564768d7bbccf0da8dd07759dec843c5fa675f80ba82bfb6b48b153cd85c63a3,564768d7bbccf0da8dd07759dec843c5fa675f80ba82bfb6b48b153cd85c63a3.exe,10,319488,230400,5088,94,5,3.5834554723690237,6.313647668195367,0.0,1
57aebadf554e03a405a30d8ddad8caa8cfe9fa86eb32f672066dcf63691481ca,57aebadf554e03a405a30d8ddad8caa8cfe9fa86eb32f672066dcf63691481ca.exe,10,4603904,2983936,5088,256,18,4.124440978382412,6.343835075710035,0.0,1
5926b866a03eeb02257933c50ef6f2f73db4691c2b1d550f40391b036010916f,5926b866a03eeb02257933c50ef6f2f73db4691c2b1d550f40391b036010916f.exe,18,503808,30720,5360,83,4,3.170494411472553,6.2256102158393976,0.0,1
593d89afb5fddfe947207dc69f93816c665e480ecd2a78c9eaab108b9799691e,593d89afb5fddfe947207dc69f93816c665e480ecd2a78c9eaab108b9799691e.exe,8,110592,29696,32996,85,10,2.7229984731878623,6.511672174892099,0.0,1
5c3ce324ded0942df4b4cbf80cf195263f105daf5c729255c628bb3a4f8ab3de,5c3ce324ded0942df4b4cbf80cf195263f105daf5c729255c628bb3a4f8ab3de.exe,1,57856,0,40736,64,5,6.023266809407568,6.023266809407568,6.023266809407568,1
5cc7ac31ee2e1c795faeafaae4cd2bc52296350f6bc00b9a7e5e15fa4277e473,5cc7ac31ee2e1c795faeafaae4cd2bc52296350f6bc00b9a7e5e15fa4277e473.exe,11,7995392,1684480,5816408,15,15,5.386913131596166,7.985755808148182,0.0,1
5edb68ebe00c4d4af8f9e3930ebe72959f9bb8800080ac91df0065eddbfebb4d,5edb68ebe00c4d4af8f9e3930ebe72959f9bb8800080ac91df0065eddbfebb4d.exe,4,77824,24576,4096,55,6,4.731735775926621,6.536523718152863,3.575625140986515,1
5eeef93bf1ec0664067bca6c0f074d237d056741ed1fc78a846b00f08a859f43,5eeef93bf1ec0664067bca6c0f074d237d056741ed1fc78a846b00f08a859f43.exe,8,3776512,2661888,5120,271,21,3.883851819992039,6.7445210103955855,0.0,1
62972fe96d08844656a758bf9ade11b97eb34c7844fb8f01d4942115ff9ebfbb,62972fe96d08844656a758bf9ade11b97eb34c7844fb8f01d4942115ff9ebfbb.exe,7,372736,179712,50768,127,3,4.583172026801686,7.348749652147584,0.0,1
6316417fcd979c39a4da672ba3521f62081ff4dfebb868ef65a1f2dff9a738ea,6316417fcd979c39a4da672ba3521f62081ff4dfebb868ef65a1f2dff9a738ea.exe,9,5279744,278528,5296,123,3,3.538547414280954,7.47870862931557,0.0,1
67535915e18cd4a9505451bba5ca3ff4b58b469e9b72272ff598c11510d7caca,67535915e18cd4a9505451bba5ca3ff4b58b469e9b72272ff598c11510d7caca.exe,7,327680,174592,53456,145,5,4.318565949081212,6.4769036203980175,0.0,1
68baa671a39b1bb7b58d0924c3238d7dd571d78fa0fd2748edd4df360f7e9f22,68baa671a39b1bb7b58d0924c3238d7dd571d78fa0fd2748edd4df360f7e9f22.exe,5,131072,70656,4096,134,9,6.455458293045334,7.9724689936523845,5.101279875161454,1
69d049fed65b114aa75024d2f2fe5b59444d77abe87c82c72cb1346e4b0696cf,69d049fed65b114aa75024d2f2fe5b59444d77abe87c82c72cb1346e4b0696cf.exe,7,380928,186880,54432,128,3,4.580886719580138,7.350146920468336,0.0,1
6aed0532be973d38392d39625f08a371d9734f7a83493d3506bcd14f7820690e,6aed0532be973d38392d39625f08a371d9734f7a83493d3506bcd14f7820690e.exe,11,2064384,1481728,942896,228,11,3.6647982950704687,6.572181255357243,0.0,1
6b93afe89d923d9694c660d4271f850a5534b7308b1902f4547d841ecea11d42,6b93afe89d923d9694c660d4271f850a5534b7308b1902f4547d841ecea11d42.exe,6,2400256,932352,411232,39,1,4.169381165769186,6.1491952549130575,0.020393135236084953,1
6d000a159fe10af1b29ddf4e4015931a9e9d0a020aeef0c602d8c5419b5966e6,6d000a159fe10af1b29ddf4e4015931a9e9d0a020aeef0c602d8c5419b5966e6.exe,6,790528,457728,271336,197,10,5.855698832617662,7.952341234901996,3.3075619271455907,1
6d189ef2bdcd62b389018913bd971f4c8e47a8349fa9101935dfebfcb69a5e06,6d189ef2bdcd62b389018913bd971f4c8e47a8349fa9101935dfebfcb69a5e06.exe,10,8884224,270848,5088,103,4,3.9315517931582016,7.821663732961862,0.0,1
6d59bb6a9874b9b03ce6ab998def5b93f68dadedccad9b14433840c2c5c3a34e,6d59bb6a9874b9b03ce6ab998def5b93f68dadedccad9b14433840c2c5c3a34e.exe,7,225280,140288,92268,71,2,4.29924068918737,6.497339863292673,1.3960753592016464,1
6e1c3a2825b9121f4553114b9500f41de6bcf38a2aa42f87dbe789b993dbade7,6e1c3a2825b9121f4553114b9500f41de6bcf38a2aa42f87dbe789b993dbade7.exe,7,1114112,837632,580920,155,9,5.134124264632445,6.454310449345297,3.3153761372296953,1
7192f002384780797b689dcb8dbed4b1016bc2c1a6c9b3cebbe9bfe1fc05e822,7192f002384780797b689dcb8dbed4b1016bc2c1a6c9b3cebbe9bfe1fc05e822.exe,6,184320,106496,111727,20,3,5.8594030546281965,7.987898559935063,2.7807255627049092,1
72cd5155f579dafc07836de6d17f096ce820fa3d087035f23a344b4530f63f09,72cd5155f579dafc07836de6d17f096ce820fa3d087035f23a344b4530f63f09.exe,8,110592,29696,32996,85,10,2.7229984731878623,6.511672174892099,0.0,1
76c89d0e27b229e3b19c3f5e8bc1e2a410c3329c73b5693cf589c49ae87f17ad,76c89d0e27b229e3b19c3f5e8bc1e2a410c3329c73b5693cf589c49ae87f17ad.exe,7,372736,174592,53456,145,5,4.596850381866823,7.554987528772999,0.0,1
771a06e3a1bdb42a7249d1c888e740c2bc46ba30b54490188c17f6c84ca96e26,771a06e3a1bdb42a7249d1c888e740c2bc46ba30b54490188c17f6c84ca96e26.exe,6,167936,99328,103535,25,3,5.959054132060683,7.986464358373988,3.0389614741824005,1
77549422a5306f905d68153b1f649745d330d45e564c927046132ecc1d20ae3e,77549422a5306f905d68153b1f649745d330d45e564c927046132ecc1d20ae3e.exe,3,49152,8192,41824,12,7,3.4406976798404636,7.617855356227066,0.0,1
77ebb550f38da3f28a65940a4c665ae3a679249ad906aa39387568a1f7ddd3fa,77ebb550f38da3f28a65940a4c665ae3a679249ad906aa39387568a1f7ddd3fa.exe,6,172032,99328,103535,24,3,5.953383818785124,7.985519384929222,2.933736131095884,1
79aaceccb8865b4d31fda778be72f42296928d8ae81c201c6d3a0a4db72f6635,79aaceccb8865b4d31fda778be72f42296928d8ae81c201c6d3a0a4db72f6635.exe,4,77824,24576,4096,55,6,4.731735775926621,6.536523718152863,3.575625140986515,1
7a42a2591858a6901ad37d4669a9c9a78a981b1d670c3dbfeef23500eae972c1,7a42a2591858a6901ad37d4669a9c9a78a981b1d670c3dbfeef23500eae972c1.exe,6,184320,106496,111727,20,3,5.8619604263613665,7.987426068890429,2.7807255627049092,1
7c79e5c677864a1aafd11267b8624197a567158cf645ccee405229bf1518c186,7c79e5c677864a1aafd11267b8624197a567158cf645ccee405229bf1518c186.exe,12,4685824,128512,4342,109,3,3.067060875862461,7.999347598441504,0.0,1
7dabe5d40c13c7c342b7182eaf7c63fbb5e326300316f6f6518b527d57e79ac8,7dabe5d40c13c7c342b7182eaf7c63fbb5e326300316f6f6518b527d57e79ac8.exe,6,4452352,1993728,418528,40,1,4.276681574533286,6.1858786768604075,0.020393135236084953,1
7e5ec68fd647e1a8fef30a2fbe250f9cf6bf6ea0ec1aa6bd37534517dd537a68,7e5ec68fd647e1a8fef30a2fbe250f9cf6bf6ea0ec1aa6bd37534517dd537a68.exe,6,5861376,4037120,3792140,233,8,5.3742604970272865,6.697494510008519,2.4004071997083556,1
7ea5afbc166c4e23498aa9747be81ceaf8dad90b8daa07a6e4644dc7c2277b82,7ea5afbc166c4e23498aa9747be81ceaf8dad90b8daa07a6e4644dc7c2277b82.exe,5,6017024,210944,99728,0,0,3.628600550988504,7.99923537362467,0.10191042566270775,1
806f3e980694e839b9563415b38a44fbf3e4832e67670233495962dcce367423,806f3e980694e839b9563415b38a44fbf3e4832e67670233495962dcce367423.exe,6,311296,192512,61696,93,1,4.956799023679547,6.456441875106332,3.034201462332182,1
83badb448a7575b661deb122871d2340604c4ead3f95ed25bcdf6cdbe58e319c,83badb448a7575b661deb122871d2340604c4ead3f95ed25bcdf6cdbe58e319c.exe,5,1691648,635392,335656,180,9,5.983299301497398,6.799900931087478,5.278029464672786,1
84715cf1d82e5139d39d8aadb9580ba80393dfa0f63fa14974e4f74a3e69752e,84715cf1d82e5139d39d8aadb9580ba80393dfa0f63fa14974e4f74a3e69752e.exe,8,2781184,1087488,461312,46,1,4.120348988532703,6.197632159169817,0.020393135236084953,1
869c14299d4b52a3f5b28ee46d5ccb295808f2c0bdd73bd3027689b0378baef4,869c14299d4b52a3f5b28ee46d5ccb295808f2c0bdd73bd3027689b0378baef4.exe,3,532480,281088,289086,1,1,3.3624669232956244,5.720594986204937,0.10191042566270775,1
87d202ef7210114ffe490e51583413adfd6fafbdf38af8632f51054c9bac1811,87d202ef7210114ffe490e51583413adfd6fafbdf38af8632f51054c9bac1811.exe,3,1884160,15360,1860622,17,16,6.044050238134432,7.999700316482507,4.186537665851616,1
8808a34a7eb0fa51a4a91580a0bd93403defa9747f10be3551b198abb1d92dd1,8808a34a7eb0fa51a4a91580a0bd93403defa9747f10be3551b198abb1d92dd1.exe,3,237568,210432,218398,1,1,3.7909591068821022,6.252288546516171,0.10191042566270775,1
89a54d3a38d2364784368a40ab228403f1f1c1926892fe8355aa29d00eb36819,89a54d3a38d2364784368a40ab228403f1f1c1926892fe8355aa29d00eb36819.exe,8,2994176,1175040,473472,46,1,4.373233113595476,6.7896245636280685,0.020393135236084953,1
8b65c9437445e9bcb8164d8557ecb9e3585c8bebf37099a3ec1437884efbdd24,8b65c9437445e9bcb8164d8557ecb9e3585c8bebf37099a3ec1437884efbdd24.exe,6,4452352,1993728,418528,40,1,4.277930106037094,6.185776755377551,0.020393135236084953,1
8b758ccdfbfa5ff3a0b67b2063c2397531cf0f7b3d278298da76528f443779e9,8b758ccdfbfa5ff3a0b67b2063c2397531cf0f7b3d278298da76528f443779e9.exe,15,7745536,2342400,426624,45,1,5.6398794276272035,7.996906157745749,0.8556848540171444,1
8eb09dc2383a16fa024f924c20a7648992a35ac2992279edefad50688aa84660,8eb09dc2383a16fa024f924c20a7648992a35ac2992279edefad50688aa84660.exe,3,491520,33280,41198,1,1,3.5970451458541812,5.926077892027286,0.08153941234324169,1
904c9251dc3b04216d23c15412aebd71681146091a49aca22a6382373e923ae7,904c9251dc3b04216d23c15412aebd71681146091a49aca22a6382373e923ae7.exe,3,2564096,2330624,2338670,1,1,3.2261415005105607,7.035319227972422,0.10191042566270775,1
90d0247b5d8b6310a63e14e8c1c4912e2eff5a096419877759f09332126caac3,90d0247b5d8b6310a63e14e8c1c4912e2eff5a096419877759f09332126caac3.exe,10,126976,60928,5360,126,5,3.32362621150103,6.232492831741752,0.0,1
91f128a2b4da8280239f8bc1218a2a5ba7cae767394913a7dcade94038204424,91f128a2b4da8280239f8bc1218a2a5ba7cae767394913a7dcade94038204424.exe,6,2179072,766976,407424,40,1,4.2138994178753455,6.176324490103775,0.020393135236084953,1
91ffe0ee445b82bd3360156feeecf8112d27c9333f9796caffcfda986fd7e9b4,91ffe0ee445b82bd3360156feeecf8112d27c9333f9796caffcfda986fd7e9b4.exe,6,5963776,733184,405472,39,1,4.458176546102307,6.177133546898965,0.020393135236084953,1
92348f164c1e42ec1f531d66bea76d65aed9f6bd4187000c0baf92edd3050fb5,92348f164c1e42ec1f531d66bea76d65aed9f6bd4187000c0baf92edd3050fb5.exe,8,16678912,22016,7181321,14,9,2.1473439563317527,7.960975473493599,0.0,1
93fb7f0c2cf10fb5885e03c737ee8508816c1102e9e3d358160b78e91fa1ebdb,93fb7f0c2cf10fb5885e03c737ee8508816c1102e9e3d358160b78e91fa1ebdb.exe,6,5304320,687616,379328,39,1,4.869688898710144,6.652963852700116,0.020393135236084953,1
9515602089f0646fc7203ce18473de0dcb71280a9cf0bba991588b2b5f05acb5,9515602089f0646fc7203ce18473de0dcb71280a9cf0bba991588b2b5f05acb5.exe,7,352256,172032,47056,108,3,4.989776717756613,7.350140723239742,1.8283816954640553,1
954d8fcd6b74d76999f9ec033ca855ffdab6595be23039f03bc4c6017fa3932c,954d8fcd6b74d76999f9ec033ca855ffdab6595be23039f03bc4c6017fa3932c.exe,3,49152,19968,27806,1,1,3.0348372239385313,5.360145431432851,0.08153941234324169,1
95d0259be4a21ea6270862128cdaf6fa208e705384c17a1732058bba124758f6,95d0259be4a21ea6270862128cdaf6fa208e705384c17a1732058bba124758f6.exe,8,6676480,2871296,490176,46,1,4.283171709203495,6.20648476060865,0.020393135236084953,1
9600db537e27db88ed2eca3be0ffab35cdb22a86a6dbb048d8deaf8f56944822,9600db537e27db88ed2eca3be0ffab35cdb22a86a6dbb048d8deaf8f56944822.exe,11,8921088,6097920,5088,421,15,4.214159088358099,7.77698191901994,0.0,1
960bfbed44a5b8abf1ae2fcb7eecb46ac526840030d5cdef1fad6a6bb379996c,960bfbed44a5b8abf1ae2fcb7eecb46ac526840030d5cdef1fad6a6bb379996c.exe,6,5861376,4037632,3792708,236,8,5.38474303824913,6.697202347539531,2.4687032572822423,1
964217072a18c289f0b24ef402b962b331cf8c71b55681dd5390b42be8ee310b,964217072a18c289f0b24ef402b962b331cf8c71b55681dd5390b42be8ee310b.exe,6,188416,118272,44834,101,1,4.463585109620958,6.661255842916058,0.0,1
975ce7324577087376ddd373fce39f064422acc4a4555f64c34c743fd0a44cbb,975ce7324577087376ddd373fce39f064422acc4a4555f64c34c743fd0a44cbb.exe,12,16498688,128512,4342,109,3,3.064887236706428,7.999142795218385,0.0,1
a0570660e7e0a9f97c0b7f5928ec4b2ca4332054a34eb4432d0b986b326cb81a,a0570660e7e0a9f97c0b7f5928ec4b2ca4332054a34eb4432d0b986b326cb81a.exe,3,90112,60416,68574,1,1,3.2179330310685774,5.424792260661948,0.08153941234324169,1
a0d98d2b8035b3ecc4d0c51736c73e7a62ae95d5f31ca7b21c128d44256cb7b4,a0d98d2b8035b3ecc4d0c51736c73e7a62ae95d5f31ca7b21c128d44256cb7b4.exe,7,1146880,1061376,791536,203,12,4.740865342780003,6.651826984273343,3.3050014532949774,1
a205b3000e64821c7d482e1b5c0fde9cedbbdc4783ba25d6019a93b325aa8742,a205b3000e64821c7d482e1b5c0fde9cedbbdc4783ba25d6019a93b325aa8742.exe,7,11218944,181248,5012508,23,11,2.327159490468667,7.965156529523964,0.0,1
a2254802dd387d0e0ceb61e2849a44b51879f625b89879e29592c80da9d479a2,a2254802dd387d0e0ceb61e2849a44b51879f625b89879e29592c80da9d479a2.exe,3,294912,266752,274782,1,1,2.70318639372368,4.228448422981912,0.10191042566270775,1
a31e56a60d7c9b547b1e7dfe402d7fb02789dcd117eadf59593e5401460843d4,a31e56a60d7c9b547b1e7dfe402d7fb02789dcd117eadf59593e5401460843d4.exe,7,376832,179712,55856,146,5,4.622738981240407,7.554965494381423,0.0,1
a34acd47127196ab867d572c2c6cf2fcccffa3a7a87e82d338a8efed898ca722,a34acd47127196ab867d572c2c6cf2fcccffa3a7a87e82d338a8efed898ca722.exe,8,3510272,1377792,477888,46,1,4.3607286373119045,6.60043857092808,0.020393135236084953,1
a501583bca532c4ea11b56780a13a865b609d6a0fcd92b9c9b522f1edcc49c29,a501583bca532c4ea11b56780a13a865b609d6a0fcd92b9c9b522f1edcc49c29.exe,6,5849088,4023296,3783772,233,8,5.389019116407514,6.698237022912821,2.4565378925491688,1
a6a397fec6c109a1402c6f1144d647843b2093f65fedd27204b40ebeea0640b6,a6a397fec6c109a1402c6f1144d647843b2093f65fedd27204b40ebeea0640b6.exe,11,8556544,6080512,5120,412,14,4.351409574503493,7.776968341000267,0.0,1
a8892871837288ea3c5cef52f1f704fca54006b5e01b1ad2d498ab27f0d573a6,a8892871837288ea3c5cef52f1f704fca54006b5e01b1ad2d498ab27f0d573a6.exe,7,372736,174592,53456,145,5,4.596861253307538,7.554987528772999,0.0,1
a921508ae0a3b0dc7b061038f87ceab835e19a1fe1cbd9b64380984618dd7827,a921508ae0a3b0dc7b061038f87ceab835e19a1fe1cbd9b64380984618dd7827.exe,3,69632,12288,62912,7,4,3.3929772939179874,7.711980706809547,0.0,1
a9607174adb621fc8685edcacf513b7279697a6f9ceca1ea864f8c411a636b1d,a9607174adb621fc8685edcacf513b7279697a6f9ceca1ea864f8c411a636b1d.exe,6,364544,172032,45600,110,3,5.32622863453954,7.350146232003548,1.8401411328226043,1
aa1f4e8e7066b57f594ebed05e931932277c35495ba407f1f97675c6ce4be5cc,aa1f4e8e7066b57f594ebed05e931932277c35495ba407f1f97675c6ce4be5cc.exe,7,1114112,837632,580920,155,9,5.133984847821275,6.454310449345297,3.3153761372296953,1
aae2393a1567f38f86ff133e0c023d9cd9f8e3565dbdabd413448c433c2ed537,aae2393a1567f38f86ff133e0c023d9cd9f8e3565dbdabd413448c433c2ed537.exe,3,2502656,741376,2492784,4,1,3.123863319929111,7.999676370705593,0.0,1
ac14946fd31ca586368c774f3a3eed1620bf0f0b4f54544f5d25e87facf18d82,ac14946fd31ca586368c774f3a3eed1620bf0f0b4f54544f5d25e87facf18d82.exe,6,4366336,1948160,416928,39,1,4.262159573978009,6.171227803483776,0.020393135236084953,1
b032335922778ce4091c5f11f9906e479b82d7b02aecc6b268a45ce7b0d14fcd,b032335922778ce4091c5f11f9906e479b82d7b02aecc6b268a45ce7b0d14fcd.exe,3,212992,180736,188878,1,1,3.1155558055204615,5.557177754296558,0.10191042566270775,1
b2f915cbf1a2b6879d278f613b13d790de9a460759142f30457c3238e598e077,b2f915cbf1a2b6879d278f613b13d790de9a460759142f30457c3238e598e077.exe,8,3776512,2661888,5120,271,21,3.8838596100092935,6.7445210103955855,0.0,1
b3051578e38ecb412e6ef29584ad753dca8cf9b26ff5117464224b6b96764f71,b3051578e38ecb412e6ef29584ad753dca8cf9b26ff5117464224b6b96764f71.exe,5,28672,0,24576,7,2,5.250449417317859,7.586300532257624,2.0379780691208302,1
b563bb3d1fd04257c5bcfc73f3e030c61ddb7fea1aca5189355eb230b4312164,b563bb3d1fd04257c5bcfc73f3e030c61ddb7fea1aca5189355eb230b4312164.exe,8,434176,334336,338164,372,14,3.1399572706281207,6.64740682364958,0.0,1
b60ef95da28cba0d44cad8d03121b0bec3bc3865044d010cffb8450629d91c9f,b60ef95da28cba0d44cad8d03121b0bec3bc3865044d010cffb8450629d91c9f.exe,6,1851392,1062400,68924,204,10,5.402436304452088,6.422323266605726,3.218532884639418,1
b6c969551f35c5de1ebc234fd688d7aa11eac01008013914dbc53f3e811c7c77,b6c969551f35c5de1ebc234fd688d7aa11eac01008013914dbc53f3e811c7c77.exe,6,188416,116224,45912,117,4,4.091252138909231,6.663015765698763,0.0,1
b70e78971fc44f8413447139afe777f19fd1b0d203f2d40f66f41cd6100a1c95,b70e78971fc44f8413447139afe777f19fd1b0d203f2d40f66f41cd6100a1c95.exe,6,536576,415232,258164,139,5,4.356397741346391,6.652191180751406,0.0,1
b99cd41e40fa63ebe8efc4f1263d9fe3c0151a05ac580ee5421ca365f163e5ea,b99cd41e40fa63ebe8efc4f1263d9fe3c0151a05ac580ee5421ca365f163e5ea.exe,3,1449984,1406976,1414750,1,1,4.285100670836498,7.998824445320374,0.10191042566270775,1
bc1f3016befc5953b692da01183fcddb9af7ff3b4ffc15f649bf4775b5bad2cd,bc1f3016befc5953b692da01183fcddb9af7ff3b4ffc15f649bf4775b5bad2cd.exe,3,9551872,9460224,9468326,1,1,4.14300484694845,6.508773160765616,0.10191042566270775,1
bd41ac2686beadc1cb008433960317b648caae37c93d8c0d61ad40fe27b5b67e,bd41ac2686beadc1cb008433960317b648caae37c93d8c0d61ad40fe27b5b67e.exe,6,4452352,1993728,418528,40,1,4.276721617774107,6.185798388396025,0.020393135236084953,1
bdd635b9c3d3c1e9871b3e6b917f33670c5ad8fe36fe90e8ca4714fbd592599a,bdd635b9c3d3c1e9871b3e6b917f33670c5ad8fe36fe90e8ca4714fbd592599a.exe,6,184320,106496,111727,20,3,5.861203855034518,7.987827474037846,2.7807255627049092,1
be5a227f37daacf290e6a9f1bde4af3ced734eb4bd5f2c8fb976cdd4f29a7f76,be5a227f37daacf290e6a9f1bde4af3ced734eb4bd5f2c8fb976cdd4f29a7f76.exe,3,2670592,733184,2662288,4,1,3.121148464610745,7.999621081020176,0.0,1
bf1c0e2ca07484fafc27ac89aabbcb7b8ddfbc271fd8e6f11da9886e1713615d,bf1c0e2ca07484fafc27ac89aabbcb7b8ddfbc271fd8e6f11da9886e1713615d.exe,7,167936,99328,103535,25,3,5.258899051616431,7.986596934881925,0.9652016987500656,1
bf55f989b62c8cfdaac42a669e0b721b4f6fe89df10a676d319de5e70dd679ea,bf55f989b62c8cfdaac42a669e0b721b4f6fe89df10a676d319de5e70dd679ea.exe,7,372736,174592,53456,145,5,4.596861542694555,7.554987528772999,0.0,1
c09065e575639c63ee5e74b4def1cd6300f37b56a5454d3a98302478f7840338,c09065e575639c63ee5e74b4def1cd6300f37b56a5454d3a98302478f7840338.exe,5,131072,70656,4096,134,9,6.4546172621607765,7.967411626665475,5.10213208772558,1
c0debf857c2e59dce4ef5bb8a7c916d5d9b44da76588ea6228b123a2707d9103,c0debf857c2e59dce4ef5bb8a7c916d5d9b44da76588ea6228b123a2707d9103.exe,7,368640,173568,52768,145,5,4.602256742258492,7.554978390832915,0.0,1
c14140334714625be71b73008adf8f54c878e3c9f979c3e58d6518fb5efdf485,c14140334714625be71b73008adf8f54c878e3c9f979c3e58d6518fb5efdf485.exe,3,483328,230912,238670,1,1,3.260559459475331,5.369610040515736,0.10191042566270775,1
c2859adc342cbcc36485ef6c3020913c459079acbeae3456b44297d7704f6853,c2859adc342cbcc36485ef6c3020913c459079acbeae3456b44297d7704f6853.exe,8,3354624,1315328,468768,46,1,4.376630743325737,6.680708725518914,0.020393135236084953,1
c4b27044ec7b2f446d05421b1d8ae42d3e6b3c1ae67f559c3231bffa6785b284,c4b27044ec7b2f446d05421b1d8ae42d3e6b3c1ae67f559c3231bffa6785b284.exe,8,110592,29696,32996,85,10,2.7229984731878623,6.511672174892099,0.0,1
c5f49c0f566a114b529138f8bd222865c9fa9fa95f96ec1ded50700764a1d4e7,c5f49c0f566a114b529138f8bd222865c9fa9fa95f96ec1ded50700764a1d4e7.exe,6,208896,128000,53429,144,9,4.178408975776528,6.643472935108763,0.0,1
c7b91de4b4b10c22f2e3bca1e2603160588fd8fd829fd46103cf536b6082e310,c7b91de4b4b10c22f2e3bca1e2603160588fd8fd829fd46103cf536b6082e310.exe,6,249856,156672,64584,166,14,4.472214333175267,6.652161590418429,0.0,1
c8c7515ca777b92b6f6a355e0ff5d0f4f712bb13d6d5735789a09fc3ed7de8fa,c8c7515ca777b92b6f6a355e0ff5d0f4f712bb13d6d5735789a09fc3ed7de8fa.exe,7,1114112,837632,580920,155,9,5.133937760825193,6.454310449345297,3.3153761372296953,1
c9205c28eabfe49b13e87c10a15850f1b65fb52b3c352fe34e59c5090df7f712,c9205c28eabfe49b13e87c10a15850f1b65fb52b3c352fe34e59c5090df7f712.exe,3,49152,19456,27534,1,1,3.095297849586182,5.5305267604105355,0.08153941234324169,1
cb9d4202d4f495091a046b7fc3fdaa9306343b8402b741a45e3add7cafc95eee,cb9d4202d4f495091a046b7fc3fdaa9306343b8402b741a45e3add7cafc95eee.exe,7,1114112,837632,580920,155,9,5.134238001421858,6.454310449345297,3.3153761372296953,1
cd9a1a722a0f2591bc76393f5b8f67523b7ffac26a1f17b7f5843fec0464850b,cd9a1a722a0f2591bc76393f5b8f67523b7ffac26a1f17b7f5843fec0464850b.exe,6,1433600,182272,773655,1,1,2.3927053526562694,7.813758873686778,0.0,1
cdf13a3de6cf91a1c47ea6eca971ef781847a85df0691c54484bcf41f5f211cb,cdf13a3de6cf91a1c47ea6eca971ef781847a85df0691c54484bcf41f5f211cb.exe,3,598016,301568,309714,1,1,1.7474990366276837,2.9130838913059325,0.10191042566270775,1
ce86182cb394d8a6c9460d25d9e598dde20103ad727519b617661a8a39532dfd,ce86182cb394d8a6c9460d25d9e598dde20103ad727519b617661a8a39532dfd.exe,7,372736,179712,50768,127,3,4.583370033324898,7.350128898257149,0.0,1
d00f2a459ecda2ad7afcf3ca62128fd3d0f3d29dbbe6f5314759890dbae12deb,d00f2a459ecda2ad7afcf3ca62128fd3d0f3d29dbbe6f5314759890dbae12deb.exe,6,360448,172032,52656,143,5,5.367817600277114,7.554976062358975,1.8392217063172442,1
d1ac11cf8a615c0b2d94564d20fe108f7d63f9b36723dc81328ef734a4401f53,d1ac11cf8a615c0b2d94564d20fe108f7d63f9b36723dc81328ef734a4401f53.exe,7,1146880,1061376,791536,203,12,4.740865342780003,6.651826984273343,3.3050014532949774,1
d2f2dcb52f79307c4f9745a169986ff1f2d5427fe4ba000efb458f7590176da6,d2f2dcb52f79307c4f9745a169986ff1f2d5427fe4ba000efb458f7590176da6.exe,4,126976,27648,21376,98,7,4.850459503679902,7.973612525397914,0.0,1
d32a6439a35d5963fb4526c72f9a52bbfd518a8a8d0959901f017318a9ae82cc,d32a6439a35d5963fb4526c72f9a52bbfd518a8a8d0959901f017318a9ae82cc.exe,12,7954432,128512,4342,109,3,3.0670443616987053,7.999149428476437,0.0,1
d385e5069c4999a4d4161c038443c1682dd33dc578cd7fc9d1d5b2627e41fb5d,d385e5069c4999a4d4161c038443c1682dd33dc578cd7fc9d1d5b2627e41fb5d.exe,3,49152,23040,31006,1,1,3.0355908197131747,5.348205734330687,0.08153941234324169,1
d42b4e9bd0c54df09c9c1925b7eb41f6a877963ededdd0dd463e3d16dfe6cd5d,d42b4e9bd0c54df09c9c1925b7eb41f6a877963ededdd0dd463e3d16dfe6cd5d.exe,10,4743168,3094528,5088,267,28,3.679606893440161,6.336597630082179,0.0,1
d4919a7402d7ae02516589fbdfb3cc436749544052843a37b5d36ac4b7385b18,d4919a7402d7ae02516589fbdfb3cc436749544052843a37b5d36ac4b7385b18.exe,6,229376,139264,50812,169,9,4.471372523459267,6.5089390831738285,1.936478181030307,1
d59661bf4866a29b4c1efa358919b2c8e7501df80e9038f0fad641a317183748,d59661bf4866a29b4c1efa358919b2c8e7501df80e9038f0fad641a317183748.exe,10,14823424,1017344,500471,217,11,3.1620665605471983,6.202656631460526,0.0,1
d5a4c1464dc07be363fabcd46840557f2aaf9cde5de5029a709f4fa8f8e2aa11,d5a4c1464dc07be363fabcd46840557f2aaf9cde5de5029a709f4fa8f8e2aa11.exe,8,110592,29696,32996,85,10,2.7229984731878623,6.511672174892099,0.0,1
d5f9595abb54947a6b0f8a55428ca95e6402d2aeb72cbc109beca457555a99a6,d5f9595abb54947a6b0f8a55428ca95e6402d2aeb72cbc109beca457555a99a6.exe,8,3354624,1315328,468768,46,1,4.376484831589459,6.6810483436750046,0.020393135236084953,1
d7959a93b70f0a1bb25c08da1f2ff2298e3e6934e7829e5ed148ab8565f59572,d7959a93b70f0a1bb25c08da1f2ff2298e3e6934e7829e5ed148ab8565f59572.exe,7,1114112,837632,580920,155,9,5.133825198083258,6.454310449345297,3.3153761372296953,1
d80facfa346ecda27da4c7f73196ae766bc21bd3bc6f7828ecc9b390985fb92f,d80facfa346ecda27da4c7f73196ae766bc21bd3bc6f7828ecc9b390985fb92f.exe,3,237568,211456,219358,1,1,3.3802984777218055,6.168276278638012,0.10191042566270775,1
da07675216728cb7d30452040da92a37bc235b01433afef3c58471d5d73295fa,da07675216728cb7d30452040da92a37bc235b01433afef3c58471d5d73295fa.exe,6,184320,106496,111727,20,3,5.866686524839582,7.98730292215179,2.7807255627049092,1
daf55a9d48dd736fa870acd24cf4ced89b079544051d3bd782195ea9b96d6397,daf55a9d48dd736fa870acd24cf4ced89b079544051d3bd782195ea9b96d6397.exe,6,184320,106496,111727,20,3,5.8597683458563266,7.987117715650678,2.7807255627049092,1
dd71256ff21fa4337f050ad39ef5e00650c9dc13c9b8a7eb4fe7e8d64150ce45,dd71256ff21fa4337f050ad39ef5e00650c9dc13c9b8a7eb4fe7e8d64150ce45.exe,3,286720,114688,122598,1,1,3.7324042574893355,6.416485830855961,0.10191042566270775,1
dd9d0e7782ca60bb854edf9c818ef81c2a4ce12c161b52a173c01d5cd0855b32,dd9d0e7782ca60bb854edf9c818ef81c2a4ce12c161b52a173c01d5cd0855b32.exe,7,376832,179712,55856,146,5,4.6227421189554265,7.554965494381423,0.0,1
de1053ee2236b2bdeeec4f1b5ebb9c0b35676196a199d7cc56641d5710d47c53,de1053ee2236b2bdeeec4f1b5ebb9c0b35676196a199d7cc56641d5710d47c53.exe,4,1859584,104448,52527,94,3,6.112314646549028,7.995162183617054,3.262586839800966,1
def3fe8d07d5370ac6e105b1a7872c77e193b4b39a6e1cc9cfc815a36e909904,def3fe8d07d5370ac6e105b1a7872c77e193b4b39a6e1cc9cfc815a36e909904.exe,7,1114112,837632,580920,155,9,5.133776239471202,6.454310449345297,3.3153761372296953,1
e275b8a02bf23b565bdaabadb220b39409eddc6b8253eb04e0f092d697e3b53d,e275b8a02bf23b565bdaabadb220b39409eddc6b8253eb04e0f092d697e3b53d.exe,13,3899392,1139200,400160,40,1,5.877211422381336,7.997293403851717,0.8556848540171444,1
e2cd9ed64fde196fd80804cf0fbbc235c82f4362b21cbcae9541f426b4c029d0,e2cd9ed64fde196fd80804cf0fbbc235c82f4362b21cbcae9541f426b4c029d0.exe,20,1671168,1098752,5104,194,2,4.134808994932554,7.15182348075714,0.0,1
e89eb46a4bd46b2afc00ca271ecfb342321d6de42bfa106832846248d0f7d253,e89eb46a4bd46b2afc00ca271ecfb342321d6de42bfa106832846248d0f7d253.exe,10,221184,141824,5088,129,14,3.1287286735223683,6.06192407382747,0.0,1
e8e4989a17e768dd7c33f999ab2394be438da7bb0106cd850b2e5ffcb3cfff51,e8e4989a17e768dd7c33f999ab2394be438da7bb0106cd850b2e5ffcb3cfff51.exe,6,364544,172032,52656,143,5,5.087453007570317,6.4874936439010895,1.8392217063172442,1
e98182d44dc7ec4a154021757da3132769db318cf9d78f15fc06c92682f8a253,e98182d44dc7ec4a154021757da3132769db318cf9d78f15fc06c92682f8a253.exe,4,36864,6144,8657,71,7,4.802813242854785,5.538859067465308,3.5045035054644713,1
ebbb8769086dcf3f7bdaf9366cf6a5ac4c5ac981e4be3c69d08ce06fc80c2f28,ebbb8769086dcf3f7bdaf9366cf6a5ac4c5ac981e4be3c69d08ce06fc80c2f28.exe,3,7438336,7190016,7198158,1,1,4.123715323838329,6.963769722808027,0.09800417566270775,1
ed3d41adb2ef265be900affab26864dc0a52ca45fa5d13057879c241c93db6a6,ed3d41adb2ef265be900affab26864dc0a52ca45fa5d13057879c241c93db6a6.exe,7,352256,173568,52768,145,5,4.662197993775837,7.974572646165077,0.0,1
f32a14e2a7a2510862c04fdc2e9ae97bb4f444d33dc5394360ad3402548bf687,f32a14e2a7a2510862c04fdc2e9ae97bb4f444d33dc5394360ad3402548bf687.exe,3,368640,76800,84626,1,1,4.617299700977023,7.456704798015718,0.10191042566270775,1
f3a6d4ccdd0f663269c3909e74d6847608b8632fb2814b0436a4532b8281e617,f3a6d4ccdd0f663269c3909e74d6847608b8632fb2814b0436a4532b8281e617.exe,6,1736704,1062400,68924,204,10,5.1478034729435,6.422323266605726,3.218532884639418,1
f40fb93230bb13d6116c03f0181f7ee0c613248035bc42f7b7507f73246cff88,f40fb93230bb13d6116c03f0181f7ee0c613248035bc42f7b7507f73246cff88.exe,6,790528,457728,271336,197,10,5.847790199822239,7.9048894381294526,3.3075619271455907,1
f53f84ac24e0ae43cd5b59a0e031d6423f8dce2400d21e0d59ea5511b57f256f,f53f84ac24e0ae43cd5b59a0e031d6423f8dce2400d21e0d59ea5511b57f256f.exe,3,827392,61440,821760,8,5,3.741864451448077,7.879234429399008,0.0,1
f5e122b60390bdcc1a17a24cce0cbca68475ad5abee6b211b5be2dea966c2634,f5e122b60390bdcc1a17a24cce0cbca68475ad5abee6b211b5be2dea966c2634.exe,8,2994176,1175040,473472,46,1,4.373233224873453,6.789622383822599,0.020393135236084953,1
f85d0e5a44227717ee495b09ea81b79af918c4c29308c449c706a4990559817e,f85d0e5a44227717ee495b09ea81b79af918c4c29308c449c706a4990559817e.exe,3,229376,201728,209854,1,1,3.9971350288724437,7.815127920619238,0.10191042566270775,1
f8adab24b3352864dd42468f92d7bfcf4e4843f14b103818fd48ba736d64f844,f8adab24b3352864dd42468f92d7bfcf4e4843f14b103818fd48ba736d64f844.exe,10,221184,140800,5088,138,16,3.1547390368535013,6.079803344585564,0.0,1
f8d907099731ba448fef98c4b100265ac37dc57ff26917ff3699fc0060f91cab,f8d907099731ba448fef98c4b100265ac37dc57ff26917ff3699fc0060f91cab.exe,3,966656,934912,942718,1,1,3.848823383293514,7.937346578637049,0.10191042566270775,1
f936f6ca0b3e7dcb347e0487cf2453af8a224fc801f33a840bf2a00bc42e77b0,f936f6ca0b3e7dcb347e0487cf2453af8a224fc801f33a840bf2a00bc42e77b0.exe,7,753664,487424,284528,106,2,4.540799133176152,6.43657486485482,0.0,1
fa8cb387589ca2778630436c57f44c1810886c9a4a1e8779aad8fdd91946ef2d,fa8cb387589ca2778630436c57f44c1810886c9a4a1e8779aad8fdd91946ef2d.exe,7,372736,179712,50768,127,3,4.583366914599269,7.350128898257149,0.0,1
fb3bbb5c9f50d2b8495d2938a1ee87f11f0782a10214a727b57cf4b5ffe50449,fb3bbb5c9f50d2b8495d2938a1ee87f11f0782a10214a727b57cf4b5ffe50449.exe,5,4640768,3200000,2999636,230,9,5.65077450628735,6.760730934782766,4.172648171867906,1
fc160cb764c8458bb97f587da4023ac790244ecf2f7b7544d611d4b245be451c,fc160cb764c8458bb97f587da4023ac790244ecf2f7b7544d611d4b245be451c.exe,6,172032,90112,71440,118,12,4.722103149172612,6.322235905970868,2.3846724719062857,1
fc2b499708b2d20545c140906b0484546c8b3ff21341b8a5acd18f2063fa2bb5,fc2b499708b2d20545c140906b0484546c8b3ff21341b8a5acd18f2063fa2bb5.exe,7,1114112,837632,580920,155,9,5.133876016000836,6.454310449345297,3.3153761372296953,1
fea2b34d7cfd396c4ac408c6f8bb3d97147f71cdc32c6a6010b1d459834abaf6,fea2b34d7cfd396c4ac408c6f8bb3d97147f71cdc32c6a6010b1d459834abaf6.exe,6,303104,127488,30938,93,3,5.092731213930921,7.350291383883522,1.842414402285364,1
